,campeonato,id_,status_long,status_short,referee,date,round_,home_team_id,home_team_nome,home_team_logo,home_team_goals,away_team_id,away_team_nome,away_team_logo,away_team_goals
0,England,710556,Match Finished,FT,"Michael Oliver, England",2021-08-13 19:00:00+00:00,Regular Season - 1,55,Brentford,https://media.api-sports.io/football/teams/55.png,2.0,42,Arsenal,https://media.api-sports.io/football/teams/42.png,0.0
1,England,710557,Match Finished,FT,"David Coote, England",2021-08-14 14:00:00+00:00,Regular Season - 1,44,Burnley,https://media.api-sports.io/football/teams/44.png,1.0,51,Brighton,https://media.api-sports.io/football/teams/51.png,2.0
2,England,710558,Match Finished,FT,"Jonathan Moss, England",2021-08-14 14:00:00+00:00,Regular Season - 1,49,Chelsea,https://media.api-sports.io/football/teams/49.png,3.0,52,Crystal Palace,https://media.api-sports.io/football/teams/52.png,0.0
3,England,710559,Match Finished,FT,"Kevin Friend, England",2021-08-14 14:00:00+00:00,Regular Season - 1,45,Everton,https://media.api-sports.io/football/teams/45.png,3.0,41,Southampton,https://media.api-sports.io/football/teams/41.png,1.0
4,England,710560,Match Finished,FT,"Craig Pawson, England",2021-08-14 14:00:00+00:00,Regular Season - 1,46,Leicester,https://media.api-sports.io/football/teams/46.png,1.0,39,Wolves,https://media.api-sports.io/football/teams/39.png,0.0
5,England,710561,Match Finished,FT,"Paul Tierney, England",2021-08-14 11:30:00+00:00,Regular Season - 1,33,Manchester United,https://media.api-sports.io/football/teams/33.png,5.0,63,Leeds,https://media.api-sports.io/football/teams/63.png,1.0
6,England,710562,Match Finished,FT,"Martin Atkinson, England",2021-08-15 13:00:00+00:00,Regular Season - 1,34,Newcastle,https://media.api-sports.io/football/teams/34.png,2.0,48,West Ham,https://media.api-sports.io/football/teams/48.png,4.0
7,England,710563,Match Finished,FT,"Andre Marriner, England",2021-08-14 16:30:00+00:00,Regular Season - 1,71,Norwich,https://media.api-sports.io/football/teams/71.png,0.0,40,Liverpool,https://media.api-sports.io/football/teams/40.png,3.0
8,England,710564,Match Finished,FT,"Anthony Taylor, England",2021-08-15 15:30:00+00:00,Regular Season - 1,47,Tottenham,https://media.api-sports.io/football/teams/47.png,1.0,50,Manchester City,https://media.api-sports.io/football/teams/50.png,0.0
9,England,710565,Match Finished,FT,"Mike Dean, England",2021-08-14 14:00:00+00:00,Regular Season - 1,38,Watford,https://media.api-sports.io/football/teams/38.png,3.0,66,Aston Villa,https://media.api-sports.io/football/teams/66.png,2.0
10,England,710566,Match Finished,FT,"Paul Tierney, England",2021-08-22 15:30:00+00:00,Regular Season - 2,42,Arsenal,https://media.api-sports.io/football/teams/42.png,0.0,49,Chelsea,https://media.api-sports.io/football/teams/49.png,2.0
11,England,710567,Match Finished,FT,"David Coote, England",2021-08-21 14:00:00+00:00,Regular Season - 2,66,Aston Villa,https://media.api-sports.io/football/teams/66.png,2.0,34,Newcastle,https://media.api-sports.io/football/teams/34.png,0.0
12,England,710568,Match Finished,FT,"Anthony Taylor, England",2021-08-21 16:30:00+00:00,Regular Season - 2,51,Brighton,https://media.api-sports.io/football/teams/51.png,2.0,38,Watford,https://media.api-sports.io/football/teams/38.png,0.0
13,England,710569,Match Finished,FT,"Martin Atkinson, England",2021-08-21 14:00:00+00:00,Regular Season - 2,52,Crystal Palace,https://media.api-sports.io/football/teams/52.png,0.0,55,Brentford,https://media.api-sports.io/football/teams/55.png,0.0
14,England,710570,Match Finished,FT,"England Darren, England",2021-08-21 14:00:00+00:00,Regular Season - 2,63,Leeds,https://media.api-sports.io/football/teams/63.png,2.0,45,Everton,https://media.api-sports.io/football/teams/45.png,2.0
15,England,710571,Match Finished,FT,"Mike Dean, England",2021-08-21 11:30:00+00:00,Regular Season - 2,40,Liverpool,https://media.api-sports.io/football/teams/40.png,2.0,44,Burnley,https://media.api-sports.io/football/teams/44.png,0.0
16,England,710572,Match Finished,FT,"Graham Scott, England",2021-08-21 14:00:00+00:00,Regular Season - 2,50,Manchester City,https://media.api-sports.io/football/teams/50.png,5.0,71,Norwich,https://media.api-sports.io/football/teams/71.png,0.0
17,England,710573,Match Finished,FT,"Craig Pawson, England",2021-08-22 13:00:00+00:00,Regular Season - 2,41,Southampton,https://media.api-sports.io/football/teams/41.png,1.0,33,Manchester United,https://media.api-sports.io/football/teams/33.png,1.0
18,England,710574,Match Finished,FT,"Michael Oliver, England",2021-08-23 19:00:00+00:00,Regular Season - 2,48,West Ham,https://media.api-sports.io/football/teams/48.png,4.0,46,Leicester,https://media.api-sports.io/football/teams/46.png,1.0
19,England,710575,Match Finished,FT,"Stuart Attwell, England",2021-08-22 13:00:00+00:00,Regular Season - 2,39,Wolves,https://media.api-sports.io/football/teams/39.png,0.0,47,Tottenham,https://media.api-sports.io/football/teams/47.png,1.0
20,England,710576,Match Finished,FT,"Peter Bankes, England",2021-08-28 14:00:00+00:00,Regular Season - 3,66,Aston Villa,https://media.api-sports.io/football/teams/66.png,1.0,55,Brentford,https://media.api-sports.io/football/teams/55.png,1.0
21,England,710577,Match Finished,FT,"Jonathan Moss, England",2021-08-28 14:00:00+00:00,Regular Season - 3,51,Brighton,https://media.api-sports.io/football/teams/51.png,0.0,45,Everton,https://media.api-sports.io/football/teams/45.png,2.0
22,England,710578,Match Finished,FT,"Michael Oliver, England",2021-08-29 13:00:00+00:00,Regular Season - 3,44,Burnley,https://media.api-sports.io/football/teams/44.png,1.0,63,Leeds,https://media.api-sports.io/football/teams/63.png,1.0
23,England,710579,Match Finished,FT,"Anthony Taylor, England",2021-08-28 16:30:00+00:00,Regular Season - 3,40,Liverpool,https://media.api-sports.io/football/teams/40.png,1.0,49,Chelsea,https://media.api-sports.io/football/teams/49.png,1.0
24,England,710580,Match Finished,FT,"Martin Atkinson, England",2021-08-28 11:30:00+00:00,Regular Season - 3,50,Manchester City,https://media.api-sports.io/football/teams/50.png,5.0,42,Arsenal,https://media.api-sports.io/football/teams/42.png,0.0
25,England,710581,Match Finished,FT,"Paul Tierney, England",2021-08-28 14:00:00+00:00,Regular Season - 3,34,Newcastle,https://media.api-sports.io/football/teams/34.png,2.0,41,Southampton,https://media.api-sports.io/football/teams/41.png,2.0
26,England,710582,Match Finished,FT,"Robert Jones, England",2021-08-28 14:00:00+00:00,Regular Season - 3,71,Norwich,https://media.api-sports.io/football/teams/71.png,1.0,46,Leicester,https://media.api-sports.io/football/teams/46.png,2.0
27,England,710583,Match Finished,FT,"Andre Marriner, England",2021-08-29 13:00:00+00:00,Regular Season - 3,47,Tottenham,https://media.api-sports.io/football/teams/47.png,1.0,38,Watford,https://media.api-sports.io/football/teams/38.png,0.0
28,England,710584,Match Finished,FT,"Stuart Attwell, England",2021-08-28 14:00:00+00:00,Regular Season - 3,48,West Ham,https://media.api-sports.io/football/teams/48.png,2.0,52,Crystal Palace,https://media.api-sports.io/football/teams/52.png,2.0
29,England,710585,Match Finished,FT,"Mike Dean, England",2021-08-29 15:30:00+00:00,Regular Season - 3,39,Wolves,https://media.api-sports.io/football/teams/39.png,0.0,33,Manchester United,https://media.api-sports.io/football/teams/33.png,1.0
30,England,710586,Match Finished,FT,"Michael Oliver, England",2021-09-11 14:00:00+00:00,Regular Season - 4,42,Arsenal,https://media.api-sports.io/football/teams/42.png,1.0,71,Norwich,https://media.api-sports.io/football/teams/71.png,0.0
31,England,710587,Match Finished,FT,"Graham Scott, England",2021-09-11 14:00:00+00:00,Regular Season - 4,55,Brentford,https://media.api-sports.io/football/teams/55.png,0.0,51,Brighton,https://media.api-sports.io/football/teams/51.png,1.0
32,England,710588,Match Finished,FT,"Stuart Attwell, England",2021-09-11 16:30:00+00:00,Regular Season - 4,49,Chelsea,https://media.api-sports.io/football/teams/49.png,3.0,66,Aston Villa,https://media.api-sports.io/football/teams/66.png,0.0
33,England,710589,Match Finished,FT,"Jonathan Moss, England",2021-09-11 11:30:00+00:00,Regular Season - 4,52,Crystal Palace,https://media.api-sports.io/football/teams/52.png,3.0,47,Tottenham,https://media.api-sports.io/football/teams/47.png,0.0
34,England,710590,Match Finished,FT,"Martin Atkinson, England",2021-09-13 19:00:00+00:00,Regular Season - 4,45,Everton,https://media.api-sports.io/football/teams/45.png,3.0,44,Burnley,https://media.api-sports.io/football/teams/44.png,1.0
35,England,710591,Match Finished,FT,"Craig Pawson, England",2021-09-12 15:30:00+00:00,Regular Season - 4,63,Leeds,https://media.api-sports.io/football/teams/63.png,0.0,40,Liverpool,https://media.api-sports.io/football/teams/40.png,3.0
36,England,710592,Match Finished,FT,"Paul Tierney, England",2021-09-11 14:00:00+00:00,Regular Season - 4,46,Leicester,https://media.api-sports.io/football/teams/46.png,0.0,50,Manchester City,https://media.api-sports.io/football/teams/50.png,1.0
37,England,710593,Match Finished,FT,"Anthony Taylor, England",2021-09-11 14:00:00+00:00,Regular Season - 4,33,Manchester United,https://media.api-sports.io/football/teams/33.png,4.0,34,Newcastle,https://media.api-sports.io/football/teams/34.png,1.0
38,England,710594,Match Finished,FT,"David Coote, England",2021-09-11 14:00:00+00:00,Regular Season - 4,41,Southampton,https://media.api-sports.io/football/teams/41.png,0.0,48,West Ham,https://media.api-sports.io/football/teams/48.png,0.0
39,England,710595,Match Finished,FT,"Peter Bankes, England",2021-09-11 14:00:00+00:00,Regular Season - 4,38,Watford,https://media.api-sports.io/football/teams/38.png,0.0,39,Wolves,https://media.api-sports.io/football/teams/39.png,2.0
40,England,710596,Match Finished,FT,"Craig Pawson, England",2021-09-18 16:30:00+00:00,Regular Season - 5,66,Aston Villa,https://media.api-sports.io/football/teams/66.png,3.0,45,Everton,https://media.api-sports.io/football/teams/45.png,0.0
41,England,710597,Match Finished,FT,"Stuart Attwell, England",2021-09-19 13:00:00+00:00,Regular Season - 5,51,Brighton,https://media.api-sports.io/football/teams/51.png,2.0,46,Leicester,https://media.api-sports.io/football/teams/46.png,1.0
42,England,710598,Match Finished,FT,"Anthony Taylor, England",2021-09-18 14:00:00+00:00,Regular Season - 5,44,Burnley,https://media.api-sports.io/football/teams/44.png,0.0,42,Arsenal,https://media.api-sports.io/football/teams/42.png,1.0
43,England,710599,Match Finished,FT,"Andy Madley, England",2021-09-18 14:00:00+00:00,Regular Season - 5,40,Liverpool,https://media.api-sports.io/football/teams/40.png,3.0,52,Crystal Palace,https://media.api-sports.io/football/teams/52.png,0.0
44,England,710600,Match Finished,FT,"Jonathan Moss, England",2021-09-18 14:00:00+00:00,Regular Season - 5,50,Manchester City,https://media.api-sports.io/football/teams/50.png,0.0,41,Southampton,https://media.api-sports.io/football/teams/41.png,0.0
45,England,710601,Match Finished,FT,"Mike Dean, England",2021-09-17 19:00:00+00:00,Regular Season - 5,34,Newcastle,https://media.api-sports.io/football/teams/34.png,1.0,63,Leeds,https://media.api-sports.io/football/teams/63.png,1.0
46,England,710602,Match Finished,FT,"Robert Jones, England",2021-09-18 14:00:00+00:00,Regular Season - 5,71,Norwich,https://media.api-sports.io/football/teams/71.png,1.0,38,Watford,https://media.api-sports.io/football/teams/38.png,3.0
47,England,710603,Match Finished,FT,"Paul Tierney, England",2021-09-19 15:30:00+00:00,Regular Season - 5,47,Tottenham,https://media.api-sports.io/football/teams/47.png,0.0,49,Chelsea,https://media.api-sports.io/football/teams/49.png,3.0
48,England,710604,Match Finished,FT,"Martin Atkinson, England",2021-09-19 13:00:00+00:00,Regular Season - 5,48,West Ham,https://media.api-sports.io/football/teams/48.png,1.0,33,Manchester United,https://media.api-sports.io/football/teams/33.png,2.0
49,England,710605,Match Finished,FT,"England Darren, England",2021-09-18 11:30:00+00:00,Regular Season - 5,39,Wolves,https://media.api-sports.io/football/teams/39.png,0.0,55,Brentford,https://media.api-sports.io/football/teams/55.png,2.0
50,England,710606,Match Finished,FT,"Craig Pawson, England",2021-09-26 15:30:00+00:00,Regular Season - 6,42,Arsenal,https://media.api-sports.io/football/teams/42.png,3.0,47,Tottenham,https://media.api-sports.io/football/teams/47.png,1.0
51,England,710607,Match Finished,FT,"Stuart Attwell, England",2021-09-25 16:30:00+00:00,Regular Season - 6,55,Brentford,https://media.api-sports.io/football/teams/55.png,3.0,40,Liverpool,https://media.api-sports.io/football/teams/40.png,3.0
52,England,710608,Match Finished,FT,"Michael Oliver, England",2021-09-25 11:30:00+00:00,Regular Season - 6,49,Chelsea,https://media.api-sports.io/football/teams/49.png,0.0,50,Manchester City,https://media.api-sports.io/football/teams/50.png,1.0
53,England,710609,Match Finished,FT,"Andre Marriner, England",2021-09-27 19:00:00+00:00,Regular Season - 6,52,Crystal Palace,https://media.api-sports.io/football/teams/52.png,1.0,51,Brighton,https://media.api-sports.io/football/teams/51.png,1.0
54,England,710610,Match Finished,FT,"David Coote, England",2021-09-25 14:00:00+00:00,Regular Season - 6,45,Everton,https://media.api-sports.io/football/teams/45.png,2.0,71,Norwich,https://media.api-sports.io/football/teams/71.png,0.0
55,England,710611,Match Finished,FT,"Kevin Friend, England",2021-09-25 14:00:00+00:00,Regular Season - 6,63,Leeds,https://media.api-sports.io/football/teams/63.png,1.0,48,West Ham,https://media.api-sports.io/football/teams/48.png,2.0
56,England,710612,Match Finished,FT,"Chris Kavanagh, England",2021-09-25 14:00:00+00:00,Regular Season - 6,46,Leicester,https://media.api-sports.io/football/teams/46.png,2.0,44,Burnley,https://media.api-sports.io/football/teams/44.png,2.0
57,England,710613,Match Finished,FT,"Mike Dean, England",2021-09-25 11:30:00+00:00,Regular Season - 6,33,Manchester United,https://media.api-sports.io/football/teams/33.png,0.0,66,Aston Villa,https://media.api-sports.io/football/teams/66.png,1.0
58,England,710614,Match Finished,FT,"Andy Madley, England",2021-09-26 13:00:00+00:00,Regular Season - 6,41,Southampton,https://media.api-sports.io/football/teams/41.png,0.0,39,Wolves,https://media.api-sports.io/football/teams/39.png,1.0
59,England,710615,Match Finished,FT,"Jarred Gillett, Australia",2021-09-25 14:00:00+00:00,Regular Season - 6,38,Watford,https://media.api-sports.io/football/teams/38.png,1.0,34,Newcastle,https://media.api-sports.io/football/teams/34.png,1.0
60,England,710616,Match Finished,FT,"Jonathan Moss, England",2021-10-02 16:30:00+00:00,Regular Season - 7,51,Brighton,https://media.api-sports.io/football/teams/51.png,0.0,42,Arsenal,https://media.api-sports.io/football/teams/42.png,0.0
61,England,710617,Match Finished,FT,"Kevin Friend, England",2021-10-02 14:00:00+00:00,Regular Season - 7,44,Burnley,https://media.api-sports.io/football/teams/44.png,0.0,71,Norwich,https://media.api-sports.io/football/teams/71.png,0.0
62,England,710618,Match Finished,FT,"Martin Atkinson, England",2021-10-02 14:00:00+00:00,Regular Season - 7,49,Chelsea,https://media.api-sports.io/football/teams/49.png,3.0,41,Southampton,https://media.api-sports.io/football/teams/41.png,1.0
63,England,710619,Match Finished,FT,"Anthony Taylor, England",2021-10-03 13:00:00+00:00,Regular Season - 7,52,Crystal Palace,https://media.api-sports.io/football/teams/52.png,2.0,46,Leicester,https://media.api-sports.io/football/teams/46.png,2.0
64,England,710620,Match Finished,FT,"Simon Hooper, England",2021-10-02 14:00:00+00:00,Regular Season - 7,63,Leeds,https://media.api-sports.io/football/teams/63.png,1.0,38,Watford,https://media.api-sports.io/football/teams/38.png,0.0
65,England,710621,Match Finished,FT,"Paul Tierney, England",2021-10-03 15:30:00+00:00,Regular Season - 7,40,Liverpool,https://media.api-sports.io/football/teams/40.png,2.0,50,Manchester City,https://media.api-sports.io/football/teams/50.png,2.0
66,England,710622,Match Finished,FT,"Michael Oliver, England",2021-10-02 11:30:00+00:00,Regular Season - 7,33,Manchester United,https://media.api-sports.io/football/teams/33.png,1.0,45,Everton,https://media.api-sports.io/football/teams/45.png,1.0
67,England,710623,Match Finished,FT,"Chris Kavanagh, England",2021-10-03 13:00:00+00:00,Regular Season - 7,47,Tottenham,https://media.api-sports.io/football/teams/47.png,2.0,66,Aston Villa,https://media.api-sports.io/football/teams/66.png,1.0
68,England,710624,Match Finished,FT,"Peter Bankes, England",2021-10-03 13:00:00+00:00,Regular Season - 7,48,West Ham,https://media.api-sports.io/football/teams/48.png,1.0,55,Brentford,https://media.api-sports.io/football/teams/55.png,2.0
69,England,710625,Match Finished,FT,"Graham Scott, England",2021-10-02 14:00:00+00:00,Regular Season - 7,39,Wolves,https://media.api-sports.io/football/teams/39.png,2.0,34,Newcastle,https://media.api-sports.io/football/teams/34.png,1.0
70,England,710626,Match Finished,FT,"Mike Dean, England",2021-10-18 19:00:00+00:00,Regular Season - 8,42,Arsenal,https://media.api-sports.io/football/teams/42.png,2.0,52,Crystal Palace,https://media.api-sports.io/football/teams/52.png,2.0
71,England,710627,Match Finished,FT,"Michael Oliver, England",2021-10-16 14:00:00+00:00,Regular Season - 8,66,Aston Villa,https://media.api-sports.io/football/teams/66.png,2.0,39,Wolves,https://media.api-sports.io/football/teams/39.png,3.0
72,England,710628,Match Finished,FT,"Anthony Taylor, England",2021-10-16 16:30:00+00:00,Regular Season - 8,55,Brentford,https://media.api-sports.io/football/teams/55.png,0.0,49,Chelsea,https://media.api-sports.io/football/teams/49.png,1.0
73,England,710629,Match Finished,FT,"Stuart Attwell, England",2021-10-17 13:00:00+00:00,Regular Season - 8,45,Everton,https://media.api-sports.io/football/teams/45.png,0.0,48,West Ham,https://media.api-sports.io/football/teams/48.png,1.0
74,England,710630,Match Finished,FT,"Craig Pawson, England",2021-10-16 14:00:00+00:00,Regular Season - 8,46,Leicester,https://media.api-sports.io/football/teams/46.png,4.0,33,Manchester United,https://media.api-sports.io/football/teams/33.png,2.0
75,England,710631,Match Finished,FT,"Martin Atkinson, England",2021-10-16 14:00:00+00:00,Regular Season - 8,50,Manchester City,https://media.api-sports.io/football/teams/50.png,2.0,44,Burnley,https://media.api-sports.io/football/teams/44.png,0.0
76,England,710632,Match Finished,FT,"Andre Marriner, England",2021-10-17 15:30:00+00:00,Regular Season - 8,34,Newcastle,https://media.api-sports.io/football/teams/34.png,2.0,47,Tottenham,https://media.api-sports.io/football/teams/47.png,3.0
77,England,710633,Match Finished,FT,"Peter Bankes, England",2021-10-16 14:00:00+00:00,Regular Season - 8,71,Norwich,https://media.api-sports.io/football/teams/71.png,0.0,51,Brighton,https://media.api-sports.io/football/teams/51.png,0.0
78,England,710634,Match Finished,FT,"David Coote, England",2021-10-16 14:00:00+00:00,Regular Season - 8,41,Southampton,https://media.api-sports.io/football/teams/41.png,1.0,63,Leeds,https://media.api-sports.io/football/teams/63.png,0.0
79,England,710635,Match Finished,FT,"Jonathan Moss, England",2021-10-16 11:30:00+00:00,Regular Season - 8,38,Watford,https://media.api-sports.io/football/teams/38.png,0.0,40,Liverpool,https://media.api-sports.io/football/teams/40.png,5.0
80,England,710636,Match Finished,FT,"Craig Pawson, England",2021-10-22 19:00:00+00:00,Regular Season - 9,42,Arsenal,https://media.api-sports.io/football/teams/42.png,3.0,66,Aston Villa,https://media.api-sports.io/football/teams/66.png,1.0
81,England,710637,Match Finished,FT,"Simon Hooper, England",2021-10-24 13:00:00+00:00,Regular Season - 9,55,Brentford,https://media.api-sports.io/football/teams/55.png,1.0,46,Leicester,https://media.api-sports.io/football/teams/46.png,2.0
82,England,710638,Match Finished,FT,"Kevin Friend, England",2021-10-23 16:30:00+00:00,Regular Season - 9,51,Brighton,https://media.api-sports.io/football/teams/51.png,1.0,50,Manchester City,https://media.api-sports.io/football/teams/50.png,4.0
83,England,710639,Match Finished,FT,"Andy Madley, England",2021-10-23 11:30:00+00:00,Regular Season - 9,49,Chelsea,https://media.api-sports.io/football/teams/49.png,7.0,71,Norwich,https://media.api-sports.io/football/teams/71.png,0.0
84,England,710640,Match Finished,FT,"England Darren, England",2021-10-23 14:00:00+00:00,Regular Season - 9,52,Crystal Palace,https://media.api-sports.io/football/teams/52.png,1.0,34,Newcastle,https://media.api-sports.io/football/teams/34.png,1.0
85,England,710641,Match Finished,FT,"Graham Scott, England",2021-10-23 14:00:00+00:00,Regular Season - 9,45,Everton,https://media.api-sports.io/football/teams/45.png,2.0,38,Watford,https://media.api-sports.io/football/teams/38.png,5.0
86,England,710642,Match Finished,FT,"Robert Jones, England",2021-10-23 14:00:00+00:00,Regular Season - 9,63,Leeds,https://media.api-sports.io/football/teams/63.png,1.0,39,Wolves,https://media.api-sports.io/football/teams/39.png,1.0
87,England,710643,Match Finished,FT,"Anthony Taylor, England",2021-10-24 15:30:00+00:00,Regular Season - 9,33,Manchester United,https://media.api-sports.io/football/teams/33.png,0.0,40,Liverpool,https://media.api-sports.io/football/teams/40.png,5.0
88,England,710644,Match Finished,FT,"Chris Kavanagh, England",2021-10-23 14:00:00+00:00,Regular Season - 9,41,Southampton,https://media.api-sports.io/football/teams/41.png,2.0,44,Burnley,https://media.api-sports.io/football/teams/44.png,2.0
89,England,710645,Match Finished,FT,"Paul Tierney, England",2021-10-24 13:00:00+00:00,Regular Season - 9,48,West Ham,https://media.api-sports.io/football/teams/48.png,1.0,47,Tottenham,https://media.api-sports.io/football/teams/47.png,0.0
90,England,710646,Match Finished,FT,"Chris Kavanagh, England",2021-10-31 16:30:00+00:00,Regular Season - 10,66,Aston Villa,https://media.api-sports.io/football/teams/66.png,1.0,48,West Ham,https://media.api-sports.io/football/teams/48.png,4.0
91,England,710647,Match Finished,FT,"Jonathan Moss, England",2021-10-30 14:00:00+00:00,Regular Season - 10,44,Burnley,https://media.api-sports.io/football/teams/44.png,3.0,55,Brentford,https://media.api-sports.io/football/teams/55.png,1.0
92,England,710648,Match Finished,FT,"Michael Oliver, England",2021-10-30 11:30:00+00:00,Regular Season - 10,46,Leicester,https://media.api-sports.io/football/teams/46.png,0.0,42,Arsenal,https://media.api-sports.io/football/teams/42.png,2.0
93,England,710649,Match Finished,FT,"Mike Dean, England",2021-10-30 14:00:00+00:00,Regular Season - 10,40,Liverpool,https://media.api-sports.io/football/teams/40.png,2.0,51,Brighton,https://media.api-sports.io/football/teams/51.png,2.0
94,England,710650,Match Finished,FT,"Andre Marriner, England",2021-10-30 14:00:00+00:00,Regular Season - 10,50,Manchester City,https://media.api-sports.io/football/teams/50.png,0.0,52,Crystal Palace,https://media.api-sports.io/football/teams/52.png,2.0
95,England,710651,Match Finished,FT,"Paul Tierney, England",2021-10-30 14:00:00+00:00,Regular Season - 10,34,Newcastle,https://media.api-sports.io/football/teams/34.png,0.0,49,Chelsea,https://media.api-sports.io/football/teams/49.png,3.0
96,England,710652,Match Finished,FT,"Anthony Taylor, England",2021-10-31 14:00:00+00:00,Regular Season - 10,71,Norwich,https://media.api-sports.io/football/teams/71.png,1.0,63,Leeds,https://media.api-sports.io/football/teams/63.png,2.0
97,England,710653,Match Finished,FT,"Stuart Attwell, England",2021-10-30 16:30:00+00:00,Regular Season - 10,47,Tottenham,https://media.api-sports.io/football/teams/47.png,0.0,33,Manchester United,https://media.api-sports.io/football/teams/33.png,3.0
98,England,710654,Match Finished,FT,"Peter Bankes, England",2021-10-30 14:00:00+00:00,Regular Season - 10,38,Watford,https://media.api-sports.io/football/teams/38.png,0.0,41,Southampton,https://media.api-sports.io/football/teams/41.png,1.0
99,England,710655,Match Finished,FT,"Martin Atkinson, England",2021-11-01 20:00:00+00:00,Regular Season - 10,39,Wolves,https://media.api-sports.io/football/teams/39.png,2.0,45,Everton,https://media.api-sports.io/football/teams/45.png,1.0
100,England,710656,Match Finished,FT,"Kevin Friend, England",2021-11-07 14:00:00+00:00,Regular Season - 11,42,Arsenal,https://media.api-sports.io/football/teams/42.png,1.0,38,Watford,https://media.api-sports.io/football/teams/38.png,0.0
101,England,710657,Match Finished,FT,"Jarred Gillett, Australia",2021-11-06 15:00:00+00:00,Regular Season - 11,55,Brentford,https://media.api-sports.io/football/teams/55.png,1.0,71,Norwich,https://media.api-sports.io/football/teams/71.png,2.0
102,England,710658,Match Finished,FT,"David Coote, England",2021-11-06 17:30:00+00:00,Regular Season - 11,51,Brighton,https://media.api-sports.io/football/teams/51.png,1.0,34,Newcastle,https://media.api-sports.io/football/teams/34.png,1.0
103,England,710659,Match Finished,FT,"Andre Marriner, England",2021-11-06 15:00:00+00:00,Regular Season - 11,49,Chelsea,https://media.api-sports.io/football/teams/49.png,1.0,44,Burnley,https://media.api-sports.io/football/teams/44.png,1.0
104,England,710660,Match Finished,FT,"Graham Scott, England",2021-11-06 15:00:00+00:00,Regular Season - 11,52,Crystal Palace,https://media.api-sports.io/football/teams/52.png,2.0,39,Wolves,https://media.api-sports.io/football/teams/39.png,0.0
105,England,710661,Match Finished,FT,"Chris Kavanagh, England",2021-11-07 14:00:00+00:00,Regular Season - 11,45,Everton,https://media.api-sports.io/football/teams/45.png,0.0,47,Tottenham,https://media.api-sports.io/football/teams/47.png,0.0
106,England,710662,Match Finished,FT,"England Darren, England",2021-11-07 14:00:00+00:00,Regular Season - 11,63,Leeds,https://media.api-sports.io/football/teams/63.png,1.0,46,Leicester,https://media.api-sports.io/football/teams/46.png,1.0
107,England,710663,Match Finished,FT,"Michael Oliver, England",2021-11-06 12:30:00+00:00,Regular Season - 11,33,Manchester United,https://media.api-sports.io/football/teams/33.png,0.0,50,Manchester City,https://media.api-sports.io/football/teams/50.png,2.0
108,England,710664,Match Finished,FT,"Andy Madley, England",2021-11-05 20:00:00+00:00,Regular Season - 11,41,Southampton,https://media.api-sports.io/football/teams/41.png,1.0,66,Aston Villa,https://media.api-sports.io/football/teams/66.png,0.0
109,England,710665,Match Finished,FT,"Craig Pawson, England",2021-11-07 16:30:00+00:00,Regular Season - 11,48,West Ham,https://media.api-sports.io/football/teams/48.png,3.0,40,Liverpool,https://media.api-sports.io/football/teams/40.png,2.0
110,England,710666,Match Finished,FT,"Anthony Taylor, England",2021-11-20 15:00:00+00:00,Regular Season - 12,66,Aston Villa,https://media.api-sports.io/football/teams/66.png,2.0,51,Brighton,https://media.api-sports.io/football/teams/51.png,0.0
111,England,710667,Match Finished,FT,"Simon Hooper, England",2021-11-20 15:00:00+00:00,Regular Season - 12,44,Burnley,https://media.api-sports.io/football/teams/44.png,3.0,52,Crystal Palace,https://media.api-sports.io/football/teams/52.png,3.0
112,England,710668,Match Finished,FT,"Paul Tierney, England",2021-11-20 12:30:00+00:00,Regular Season - 12,46,Leicester,https://media.api-sports.io/football/teams/46.png,0.0,49,Chelsea,https://media.api-sports.io/football/teams/49.png,3.0
113,England,710669,Match Finished,FT,"Michael Oliver, England",2021-11-20 17:30:00+00:00,Regular Season - 12,40,Liverpool,https://media.api-sports.io/football/teams/40.png,4.0,42,Arsenal,https://media.api-sports.io/football/teams/42.png,0.0
114,England,710670,Match Finished,FT,"Stuart Attwell, England",2021-11-21 14:00:00+00:00,Regular Season - 12,50,Manchester City,https://media.api-sports.io/football/teams/50.png,3.0,45,Everton,https://media.api-sports.io/football/teams/45.png,0.0
115,England,710671,Match Finished,FT,"Robert Jones, England",2021-11-20 15:00:00+00:00,Regular Season - 12,34,Newcastle,https://media.api-sports.io/football/teams/34.png,3.0,55,Brentford,https://media.api-sports.io/football/teams/55.png,3.0
116,England,710672,Match Finished,FT,"Martin Atkinson, England",2021-11-20 15:00:00+00:00,Regular Season - 12,71,Norwich,https://media.api-sports.io/football/teams/71.png,2.0,41,Southampton,https://media.api-sports.io/football/teams/41.png,1.0
117,England,710673,Match Finished,FT,"Andre Marriner, England",2021-11-21 16:30:00+00:00,Regular Season - 12,47,Tottenham,https://media.api-sports.io/football/teams/47.png,2.0,63,Leeds,https://media.api-sports.io/football/teams/63.png,1.0
118,England,710674,Match Finished,FT,"Jonathan Moss, England",2021-11-20 15:00:00+00:00,Regular Season - 12,38,Watford,https://media.api-sports.io/football/teams/38.png,4.0,33,Manchester United,https://media.api-sports.io/football/teams/33.png,1.0
119,England,710675,Match Finished,FT,"Mike Dean, England",2021-11-20 15:00:00+00:00,Regular Season - 12,39,Wolves,https://media.api-sports.io/football/teams/39.png,1.0,48,West Ham,https://media.api-sports.io/football/teams/48.png,0.0
120,England,710676,Match Finished,FT,"Stuart Attwell, England",2021-11-27 12:30:00+00:00,Regular Season - 13,42,Arsenal,https://media.api-sports.io/football/teams/42.png,2.0,34,Newcastle,https://media.api-sports.io/football/teams/34.png,0.0
121,England,710677,Match Finished,FT,"England Darren, England",2021-11-28 14:00:00+00:00,Regular Season - 13,55,Brentford,https://media.api-sports.io/football/teams/55.png,1.0,45,Everton,https://media.api-sports.io/football/teams/45.png,0.0
122,England,710678,Match Finished,FT,"Craig Pawson, England",2021-11-27 17:30:00+00:00,Regular Season - 13,51,Brighton,https://media.api-sports.io/football/teams/51.png,0.0,63,Leeds,https://media.api-sports.io/football/teams/63.png,0.0
123,England,710679,Match Finished,FT,"Graham Scott, England",2022-02-23 19:30:00+00:00,Regular Season - 13,44,Burnley,https://media.api-sports.io/football/teams/44.png,1.0,47,Tottenham,https://media.api-sports.io/football/teams/47.png,0.0
124,England,710680,Match Finished,FT,"Anthony Taylor, England",2021-11-28 16:30:00+00:00,Regular Season - 13,49,Chelsea,https://media.api-sports.io/football/teams/49.png,1.0,33,Manchester United,https://media.api-sports.io/football/teams/33.png,1.0
125,England,710681,Match Finished,FT,"Salisbury Michael, England",2021-11-27 15:00:00+00:00,Regular Season - 13,52,Crystal Palace,https://media.api-sports.io/football/teams/52.png,1.0,66,Aston Villa,https://media.api-sports.io/football/teams/66.png,2.0
126,England,710682,Match Finished,FT,"Andy Madley, England",2021-11-28 14:00:00+00:00,Regular Season - 13,46,Leicester,https://media.api-sports.io/football/teams/46.png,4.0,38,Watford,https://media.api-sports.io/football/teams/38.png,2.0
127,England,710683,Match Finished,FT,"Andre Marriner, England",2021-11-27 15:00:00+00:00,Regular Season - 13,40,Liverpool,https://media.api-sports.io/football/teams/40.png,4.0,41,Southampton,https://media.api-sports.io/football/teams/41.png,0.0
128,England,710684,Match Finished,FT,"Michael Oliver, England",2021-11-28 14:00:00+00:00,Regular Season - 13,50,Manchester City,https://media.api-sports.io/football/teams/50.png,2.0,48,West Ham,https://media.api-sports.io/football/teams/48.png,1.0
129,England,710685,Match Finished,FT,"Simon Hooper, England",2021-11-27 15:00:00+00:00,Regular Season - 13,71,Norwich,https://media.api-sports.io/football/teams/71.png,0.0,39,Wolves,https://media.api-sports.io/football/teams/39.png,0.0
130,England,710686,Match Finished,FT,"Mike Dean, England",2021-12-01 20:15:00+00:00,Regular Season - 14,66,Aston Villa,https://media.api-sports.io/football/teams/66.png,1.0,50,Manchester City,https://media.api-sports.io/football/teams/50.png,2.0
131,England,710687,Match Finished,FT,"Paul Tierney, England",2021-12-01 20:15:00+00:00,Regular Season - 14,45,Everton,https://media.api-sports.io/football/teams/45.png,1.0,40,Liverpool,https://media.api-sports.io/football/teams/40.png,4.0
132,England,710688,Match Finished,FT,"Kevin Friend, England",2021-11-30 20:15:00+00:00,Regular Season - 14,63,Leeds,https://media.api-sports.io/football/teams/63.png,1.0,52,Crystal Palace,https://media.api-sports.io/football/teams/52.png,0.0
133,England,710689,Match Finished,FT,"David Coote, England",2021-12-01 19:30:00+00:00,Regular Season - 14,38,Watford,https://media.api-sports.io/football/teams/38.png,1.0,49,Chelsea,https://media.api-sports.io/football/teams/49.png,2.0
134,England,710690,Match Finished,FT,"Chris Kavanagh, England",2021-12-01 19:30:00+00:00,Regular Season - 14,48,West Ham,https://media.api-sports.io/football/teams/48.png,1.0,51,Brighton,https://media.api-sports.io/football/teams/51.png,1.0
135,England,710691,Match Finished,FT,"John Brooks, England",2021-12-01 19:30:00+00:00,Regular Season - 14,39,Wolves,https://media.api-sports.io/football/teams/39.png,0.0,44,Burnley,https://media.api-sports.io/football/teams/44.png,0.0
136,England,710692,Match Finished,FT,"Martin Atkinson, England",2021-12-02 20:15:00+00:00,Regular Season - 14,33,Manchester United,https://media.api-sports.io/football/teams/33.png,3.0,42,Arsenal,https://media.api-sports.io/football/teams/42.png,2.0
137,England,710693,Match Finished,FT,"Andy Madley, England",2021-11-30 19:30:00+00:00,Regular Season - 14,34,Newcastle,https://media.api-sports.io/football/teams/34.png,1.0,71,Norwich,https://media.api-sports.io/football/teams/71.png,1.0
138,England,710694,Match Finished,FT,"Robert Jones, England",2021-12-01 19:30:00+00:00,Regular Season - 14,41,Southampton,https://media.api-sports.io/football/teams/41.png,2.0,46,Leicester,https://media.api-sports.io/football/teams/46.png,2.0
139,England,710695,Match Finished,FT,"Jonathan Moss, England",2021-12-02 19:30:00+00:00,Regular Season - 14,47,Tottenham,https://media.api-sports.io/football/teams/47.png,2.0,55,Brentford,https://media.api-sports.io/football/teams/55.png,0.0
140,England,710696,Match Finished,FT,"Michael Oliver, England",2021-12-05 16:30:00+00:00,Regular Season - 15,66,Aston Villa,https://media.api-sports.io/football/teams/66.png,2.0,46,Leicester,https://media.api-sports.io/football/teams/46.png,1.0
141,England,710697,Match Finished,FT,"Mike Dean, England",2021-12-06 20:00:00+00:00,Regular Season - 15,45,Everton,https://media.api-sports.io/football/teams/45.png,2.0,42,Arsenal,https://media.api-sports.io/football/teams/42.png,1.0
142,England,710698,Match Finished,FT,"David Coote, England",2021-12-05 14:00:00+00:00,Regular Season - 15,63,Leeds,https://media.api-sports.io/football/teams/63.png,2.0,55,Brentford,https://media.api-sports.io/football/teams/55.png,2.0
143,England,710699,Match Finished,FT,"Craig Pawson, England",2021-12-05 14:00:00+00:00,Regular Season - 15,33,Manchester United,https://media.api-sports.io/football/teams/33.png,1.0,52,Crystal Palace,https://media.api-sports.io/football/teams/52.png,0.0
144,England,710700,Match Finished,FT,"Paul Tierney, England",2021-12-04 15:00:00+00:00,Regular Season - 15,34,Newcastle,https://media.api-sports.io/football/teams/34.png,1.0,44,Burnley,https://media.api-sports.io/football/teams/44.png,0.0
145,England,710701,Match Finished,FT,"Anthony Taylor, England",2021-12-04 15:00:00+00:00,Regular Season - 15,41,Southampton,https://media.api-sports.io/football/teams/41.png,1.0,51,Brighton,https://media.api-sports.io/football/teams/51.png,1.0
146,England,710702,Match Finished,FT,"Jarred Gillett, Australia",2021-12-05 14:00:00+00:00,Regular Season - 15,47,Tottenham,https://media.api-sports.io/football/teams/47.png,3.0,71,Norwich,https://media.api-sports.io/football/teams/71.png,0.0
147,England,710703,Match Finished,FT,"Kevin Friend, England",2021-12-04 17:30:00+00:00,Regular Season - 15,38,Watford,https://media.api-sports.io/football/teams/38.png,1.0,50,Manchester City,https://media.api-sports.io/football/teams/50.png,3.0
148,England,710704,Match Finished,FT,"Andre Marriner, England",2021-12-04 12:30:00+00:00,Regular Season - 15,48,West Ham,https://media.api-sports.io/football/teams/48.png,3.0,49,Chelsea,https://media.api-sports.io/football/teams/49.png,2.0
149,England,710705,Match Finished,FT,"Chris Kavanagh, England",2021-12-04 15:00:00+00:00,Regular Season - 15,39,Wolves,https://media.api-sports.io/football/teams/39.png,0.0,40,Liverpool,https://media.api-sports.io/football/teams/40.png,1.0
150,England,710706,Match Finished,FT,"Jarred Gillett, Australia",2021-12-11 15:00:00+00:00,Regular Season - 16,42,Arsenal,https://media.api-sports.io/football/teams/42.png,3.0,41,Southampton,https://media.api-sports.io/football/teams/41.png,0.0
151,England,710707,Match Finished,FT,"Michael Oliver, England",2021-12-10 20:00:00+00:00,Regular Season - 16,55,Brentford,https://media.api-sports.io/football/teams/55.png,2.0,38,Watford,https://media.api-sports.io/football/teams/38.png,1.0
152,England,710708,Not Started,NS,R. Jones,2022-03-16 19:30:00+00:00,Regular Season - 16,51,Brighton,https://media.api-sports.io/football/teams/51.png,,47,Tottenham,https://media.api-sports.io/football/teams/47.png,
153,England,710709,Match Finished,FT,"Graham Scott, England",2021-12-12 14:00:00+00:00,Regular Season - 16,44,Burnley,https://media.api-sports.io/football/teams/44.png,0.0,48,West Ham,https://media.api-sports.io/football/teams/48.png,0.0
154,England,710710,Match Finished,FT,"Chris Kavanagh, England",2021-12-11 15:00:00+00:00,Regular Season - 16,49,Chelsea,https://media.api-sports.io/football/teams/49.png,3.0,63,Leeds,https://media.api-sports.io/football/teams/63.png,2.0
155,England,710711,Match Finished,FT,"Andy Madley, England",2021-12-12 16:30:00+00:00,Regular Season - 16,52,Crystal Palace,https://media.api-sports.io/football/teams/52.png,3.0,45,Everton,https://media.api-sports.io/football/teams/45.png,1.0
156,England,710712,Match Finished,FT,"Peter Bankes, England",2021-12-12 14:00:00+00:00,Regular Season - 16,46,Leicester,https://media.api-sports.io/football/teams/46.png,4.0,34,Newcastle,https://media.api-sports.io/football/teams/34.png,0.0
157,England,710713,Match Finished,FT,"Stuart Attwell, England",2021-12-11 15:00:00+00:00,Regular Season - 16,40,Liverpool,https://media.api-sports.io/football/teams/40.png,1.0,66,Aston Villa,https://media.api-sports.io/football/teams/66.png,0.0
158,England,710714,Match Finished,FT,"Jonathan Moss, England",2021-12-11 12:30:00+00:00,Regular Season - 16,50,Manchester City,https://media.api-sports.io/football/teams/50.png,1.0,39,Wolves,https://media.api-sports.io/football/teams/39.png,0.0
159,England,710715,Match Finished,FT,"England Darren, England",2021-12-11 17:30:00+00:00,Regular Season - 16,71,Norwich,https://media.api-sports.io/football/teams/71.png,0.0,33,Manchester United,https://media.api-sports.io/football/teams/33.png,1.0
160,England,710716,Match Finished,FT,"Anthony Taylor, England",2021-12-15 20:00:00+00:00,Regular Season - 17,42,Arsenal,https://media.api-sports.io/football/teams/42.png,2.0,48,West Ham,https://media.api-sports.io/football/teams/48.png,0.0
161,England,710717,Match Finished,FT,"Andre Marriner, England",2022-01-19 20:00:00+00:00,Regular Season - 17,55,Brentford,https://media.api-sports.io/football/teams/55.png,1.0,33,Manchester United,https://media.api-sports.io/football/teams/33.png,3.0
162,England,710718,Match Finished,FT,"Tony Harrington, England",2021-12-15 19:30:00+00:00,Regular Season - 17,51,Brighton,https://media.api-sports.io/football/teams/51.png,0.0,39,Wolves,https://media.api-sports.io/football/teams/39.png,1.0
163,England,710719,Match Finished,FT,"Craig Pawson, England",2022-02-05 18:00:00+00:00,Regular Season - 17,44,Burnley,https://media.api-sports.io/football/teams/44.png,0.0,38,Watford,https://media.api-sports.io/football/teams/38.png,0.0
164,England,710720,Match Finished,FT,"Jonathan Moss, England",2022-01-19 19:30:00+00:00,Regular Season - 17,46,Leicester,https://media.api-sports.io/football/teams/46.png,2.0,47,Tottenham,https://media.api-sports.io/football/teams/47.png,3.0
165,England,710721,Match Finished,FT,"David Coote, England",2021-12-14 19:45:00+00:00,Regular Season - 17,71,Norwich,https://media.api-sports.io/football/teams/71.png,0.0,66,Aston Villa,https://media.api-sports.io/football/teams/66.png,2.0
166,England,710722,Match Finished,FT,"Simon Hooper, England",2021-12-15 19:30:00+00:00,Regular Season - 17,52,Crystal Palace,https://media.api-sports.io/football/teams/52.png,2.0,41,Southampton,https://media.api-sports.io/football/teams/41.png,2.0
167,England,710723,Match Finished,FT,"Michael Oliver, England",2021-12-16 19:45:00+00:00,Regular Season - 17,49,Chelsea,https://media.api-sports.io/football/teams/49.png,1.0,45,Everton,https://media.api-sports.io/football/teams/45.png,1.0
168,England,710724,Match Finished,FT,"Mike Dean, England",2021-12-16 20:00:00+00:00,Regular Season - 17,40,Liverpool,https://media.api-sports.io/football/teams/40.png,3.0,34,Newcastle,https://media.api-sports.io/football/teams/34.png,1.0
169,England,710725,Match Finished,FT,"Paul Tierney, England",2021-12-14 20:00:00+00:00,Regular Season - 17,50,Manchester City,https://media.api-sports.io/football/teams/50.png,7.0,63,Leeds,https://media.api-sports.io/football/teams/63.png,0.0
170,England,710726,Match Postponed,PST,A. Madley,2021-12-18 15:00:00+00:00,Regular Season - 18,66,Aston Villa,https://media.api-sports.io/football/teams/66.png,,44,Burnley,https://media.api-sports.io/football/teams/44.png,
171,England,710727,Match Postponed,PST,D. England,2022-01-11 20:00:00+00:00,Regular Season - 18,45,Everton,https://media.api-sports.io/football/teams/45.png,,46,Leicester,https://media.api-sports.io/football/teams/46.png,
172,England,710728,Match Finished,FT,"Andre Marriner, England",2021-12-18 17:30:00+00:00,Regular Season - 18,63,Leeds,https://media.api-sports.io/football/teams/63.png,1.0,42,Arsenal,https://media.api-sports.io/football/teams/42.png,4.0
173,England,710729,Match Finished,FT,"Peter Bankes, England",2022-02-15 20:15:00+00:00,Regular Season - 18,33,Manchester United,https://media.api-sports.io/football/teams/33.png,2.0,51,Brighton,https://media.api-sports.io/football/teams/51.png,0.0
174,England,710730,Match Finished,FT,"Martin Atkinson, England",2021-12-19 14:00:00+00:00,Regular Season - 18,34,Newcastle,https://media.api-sports.io/football/teams/34.png,0.0,50,Manchester City,https://media.api-sports.io/football/teams/50.png,4.0
175,England,710731,Match Finished,FT,"Stuart Attwell, England",2022-01-11 19:45:00+00:00,Regular Season - 18,41,Southampton,https://media.api-sports.io/football/teams/41.png,4.0,55,Brentford,https://media.api-sports.io/football/teams/55.png,1.0
176,England,710732,Match Finished,FT,"Paul Tierney, England",2021-12-19 16:30:00+00:00,Regular Season - 18,47,Tottenham,https://media.api-sports.io/football/teams/47.png,2.0,40,Liverpool,https://media.api-sports.io/football/teams/40.png,2.0
177,England,710733,Match Finished,FT,"Andre Marriner, England",2022-02-23 19:30:00+00:00,Regular Season - 18,38,Watford,https://media.api-sports.io/football/teams/38.png,1.0,52,Crystal Palace,https://media.api-sports.io/football/teams/52.png,4.0
178,England,710734,Match Finished,FT,"Simon Hooper, England",2022-01-12 19:45:00+00:00,Regular Season - 18,48,West Ham,https://media.api-sports.io/football/teams/48.png,2.0,71,Norwich,https://media.api-sports.io/football/teams/71.png,0.0
179,England,710735,Match Finished,FT,"David Coote, England",2021-12-19 14:00:00+00:00,Regular Season - 18,39,Wolves,https://media.api-sports.io/football/teams/39.png,0.0,49,Chelsea,https://media.api-sports.io/football/teams/49.png,0.0
180,England,710736,Match Finished,FT,"Martin Atkinson, England",2021-12-26 17:30:00+00:00,Regular Season - 19,66,Aston Villa,https://media.api-sports.io/football/teams/66.png,1.0,49,Chelsea,https://media.api-sports.io/football/teams/49.png,3.0
181,England,710737,Match Finished,FT,"Andy Madley, England",2021-12-26 20:00:00+00:00,Regular Season - 19,51,Brighton,https://media.api-sports.io/football/teams/51.png,2.0,55,Brentford,https://media.api-sports.io/football/teams/55.png,0.0
182,England,710738,Match Postponed,PST,A. Taylor,2021-12-26 15:00:00+00:00,Regular Season - 19,44,Burnley,https://media.api-sports.io/football/teams/44.png,,45,Everton,https://media.api-sports.io/football/teams/45.png,
183,England,710739,Match Finished,FT,"Michael Oliver, England",2022-02-23 19:45:00+00:00,Regular Season - 19,40,Liverpool,https://media.api-sports.io/football/teams/40.png,6.0,63,Leeds,https://media.api-sports.io/football/teams/63.png,0.0
184,England,710740,Match Finished,FT,"Chris Kavanagh, England",2021-12-26 15:00:00+00:00,Regular Season - 19,50,Manchester City,https://media.api-sports.io/football/teams/50.png,6.0,46,Leicester,https://media.api-sports.io/football/teams/46.png,3.0
185,England,710741,Match Finished,FT,"Craig Pawson, England",2021-12-27 20:00:00+00:00,Regular Season - 19,34,Newcastle,https://media.api-sports.io/football/teams/34.png,1.0,33,Manchester United,https://media.api-sports.io/football/teams/33.png,1.0
186,England,710742,Match Finished,FT,"Graham Scott, England",2021-12-26 15:00:00+00:00,Regular Season - 19,71,Norwich,https://media.api-sports.io/football/teams/71.png,0.0,42,Arsenal,https://media.api-sports.io/football/teams/42.png,5.0
187,England,710743,Match Finished,FT,"Jonathan Moss, England",2021-12-26 15:00:00+00:00,Regular Season - 19,47,Tottenham,https://media.api-sports.io/football/teams/47.png,3.0,52,Crystal Palace,https://media.api-sports.io/football/teams/52.png,0.0
188,England,710744,Match Finished,FT,"Kevin Friend, England",2021-12-26 15:00:00+00:00,Regular Season - 19,48,West Ham,https://media.api-sports.io/football/teams/48.png,2.0,41,Southampton,https://media.api-sports.io/football/teams/41.png,3.0
189,England,710745,Not Started,NS,D. England,2022-03-10 19:30:00+00:00,Regular Season - 19,39,Wolves,https://media.api-sports.io/football/teams/39.png,,38,Watford,https://media.api-sports.io/football/teams/38.png,
190,England,710746,Match Finished,FT,"Martin Atkinson, England",2022-02-24 19:45:00+00:00,Regular Season - 20,42,Arsenal,https://media.api-sports.io/football/teams/42.png,2.0,39,Wolves,https://media.api-sports.io/football/teams/39.png,1.0
191,England,710747,Match Finished,FT,"David Coote, England",2021-12-29 20:15:00+00:00,Regular Season - 20,55,Brentford,https://media.api-sports.io/football/teams/55.png,0.0,50,Manchester City,https://media.api-sports.io/football/teams/50.png,1.0
192,England,710748,Match Finished,FT,"Mike Dean, England",2021-12-29 19:30:00+00:00,Regular Season - 20,49,Chelsea,https://media.api-sports.io/football/teams/49.png,1.0,51,Brighton,https://media.api-sports.io/football/teams/51.png,1.0
193,England,710749,Match Finished,FT,"Paul Tierney, England",2021-12-28 15:00:00+00:00,Regular Season - 20,52,Crystal Palace,https://media.api-sports.io/football/teams/52.png,3.0,71,Norwich,https://media.api-sports.io/football/teams/71.png,0.0
194,England,710750,Not Started,NS,G. Scott,2022-03-17 19:45:00+00:00,Regular Season - 20,45,Everton,https://media.api-sports.io/football/teams/45.png,,34,Newcastle,https://media.api-sports.io/football/teams/34.png,
195,England,710751,Not Started,NS,S. Hooper,2022-03-10 19:45:00+00:00,Regular Season - 20,63,Leeds,https://media.api-sports.io/football/teams/63.png,,66,Aston Villa,https://media.api-sports.io/football/teams/66.png,
196,England,710752,Match Finished,FT,"Michael Oliver, England",2021-12-28 20:00:00+00:00,Regular Season - 20,46,Leicester,https://media.api-sports.io/football/teams/46.png,1.0,40,Liverpool,https://media.api-sports.io/football/teams/40.png,0.0
197,England,710753,Match Finished,FT,"Jonathan Moss, England",2021-12-30 20:15:00+00:00,Regular Season - 20,33,Manchester United,https://media.api-sports.io/football/teams/33.png,3.0,44,Burnley,https://media.api-sports.io/football/teams/44.png,1.0
198,England,710754,Match Finished,FT,"Anthony Taylor, England",2021-12-28 15:00:00+00:00,Regular Season - 20,41,Southampton,https://media.api-sports.io/football/teams/41.png,1.0,47,Tottenham,https://media.api-sports.io/football/teams/47.png,1.0
199,England,710755,Match Finished,FT,"England Darren, England",2021-12-28 15:00:00+00:00,Regular Season - 20,38,Watford,https://media.api-sports.io/football/teams/38.png,1.0,48,West Ham,https://media.api-sports.io/football/teams/48.png,4.0
200,England,710756,Match Finished,FT,"Stuart Attwell, England",2022-01-01 12:30:00+00:00,Regular Season - 21,42,Arsenal,https://media.api-sports.io/football/teams/42.png,1.0,50,Manchester City,https://media.api-sports.io/football/teams/50.png,2.0
201,England,710757,Match Finished,FT,"Craig Pawson, England",2022-01-02 14:00:00+00:00,Regular Season - 21,55,Brentford,https://media.api-sports.io/football/teams/55.png,2.0,66,Aston Villa,https://media.api-sports.io/football/teams/66.png,1.0
202,England,710758,Match Finished,FT,"Anthony Taylor, England",2022-01-02 16:30:00+00:00,Regular Season - 21,49,Chelsea,https://media.api-sports.io/football/teams/49.png,2.0,40,Liverpool,https://media.api-sports.io/football/teams/40.png,2.0
203,England,710759,Match Finished,FT,"Michael Oliver, England",2022-01-01 17:30:00+00:00,Regular Season - 21,52,Crystal Palace,https://media.api-sports.io/football/teams/52.png,2.0,48,West Ham,https://media.api-sports.io/football/teams/48.png,3.0
204,England,710760,Match Finished,FT,"John Brooks, England",2022-01-02 14:00:00+00:00,Regular Season - 21,45,Everton,https://media.api-sports.io/football/teams/45.png,2.0,51,Brighton,https://media.api-sports.io/football/teams/51.png,3.0
205,England,710761,Match Finished,FT,"Kevin Friend, England",2022-01-02 14:00:00+00:00,Regular Season - 21,63,Leeds,https://media.api-sports.io/football/teams/63.png,3.0,44,Burnley,https://media.api-sports.io/football/teams/44.png,1.0
206,England,710762,Match Postponed,PST,T. Harrington,2022-01-01 15:00:00+00:00,Regular Season - 21,46,Leicester,https://media.api-sports.io/football/teams/46.png,,71,Norwich,https://media.api-sports.io/football/teams/71.png,
207,England,710763,Match Finished,FT,"Mike Dean, England",2022-01-03 17:30:00+00:00,Regular Season - 21,33,Manchester United,https://media.api-sports.io/football/teams/33.png,0.0,39,Wolves,https://media.api-sports.io/football/teams/39.png,1.0
208,England,710764,Not Started,NS,K. Friend,2022-03-10 19:30:00+00:00,Regular Season - 21,41,Southampton,https://media.api-sports.io/football/teams/41.png,,34,Newcastle,https://media.api-sports.io/football/teams/34.png,
209,England,710765,Match Finished,FT,"Robert Jones, England",2022-01-01 15:00:00+00:00,Regular Season - 21,38,Watford,https://media.api-sports.io/football/teams/38.png,0.0,47,Tottenham,https://media.api-sports.io/football/teams/47.png,1.0
210,England,710766,Match Finished,FT,"David Coote, England",2022-01-15 17:30:00+00:00,Regular Season - 22,66,Aston Villa,https://media.api-sports.io/football/teams/66.png,2.0,33,Manchester United,https://media.api-sports.io/football/teams/33.png,2.0
211,England,710767,Match Finished,FT,"Jarred Gillett, Australia",2022-01-14 20:00:00+00:00,Regular Season - 22,51,Brighton,https://media.api-sports.io/football/teams/51.png,1.0,52,Crystal Palace,https://media.api-sports.io/football/teams/52.png,1.0
212,England,710768,Match Finished,FT,"Chris Kavanagh, England",2022-03-01 19:45:00+00:00,Regular Season - 22,44,Burnley,https://media.api-sports.io/football/teams/44.png,0.0,46,Leicester,https://media.api-sports.io/football/teams/46.png,2.0
213,England,710769,Match Finished,FT,"Jonathan Moss, England",2022-01-16 14:00:00+00:00,Regular Season - 22,40,Liverpool,https://media.api-sports.io/football/teams/40.png,3.0,55,Brentford,https://media.api-sports.io/football/teams/55.png,0.0
214,England,710770,Match Finished,FT,"Craig Pawson, England",2022-01-15 12:30:00+00:00,Regular Season - 22,50,Manchester City,https://media.api-sports.io/football/teams/50.png,1.0,49,Chelsea,https://media.api-sports.io/football/teams/49.png,0.0
215,England,710771,Match Finished,FT,"Paul Tierney, England",2022-01-15 15:00:00+00:00,Regular Season - 22,34,Newcastle,https://media.api-sports.io/football/teams/34.png,1.0,38,Watford,https://media.api-sports.io/football/teams/38.png,1.0
216,England,710772,Match Finished,FT,"Andy Madley, England",2022-01-15 15:00:00+00:00,Regular Season - 22,71,Norwich,https://media.api-sports.io/football/teams/71.png,2.0,45,Everton,https://media.api-sports.io/football/teams/45.png,1.0
217,England,710773,Match Postponed,PST,C. Kavanagh,2022-01-16 16:30:00+00:00,Regular Season - 22,47,Tottenham,https://media.api-sports.io/football/teams/47.png,,42,Arsenal,https://media.api-sports.io/football/teams/42.png,
218,England,710774,Match Finished,FT,"Mike Dean, England",2022-01-16 14:00:00+00:00,Regular Season - 22,48,West Ham,https://media.api-sports.io/football/teams/48.png,2.0,63,Leeds,https://media.api-sports.io/football/teams/63.png,3.0
219,England,710775,Match Finished,FT,"Salisbury Michael, England",2022-01-15 15:00:00+00:00,Regular Season - 22,39,Wolves,https://media.api-sports.io/football/teams/39.png,3.0,41,Southampton,https://media.api-sports.io/football/teams/41.png,1.0
220,England,710776,Match Finished,FT,"David Coote, England",2022-01-23 14:00:00+00:00,Regular Season - 23,42,Arsenal,https://media.api-sports.io/football/teams/42.png,0.0,44,Burnley,https://media.api-sports.io/football/teams/44.png,0.0
221,England,710777,Match Finished,FT,"Peter Bankes, England",2022-01-22 15:00:00+00:00,Regular Season - 23,55,Brentford,https://media.api-sports.io/football/teams/55.png,1.0,39,Wolves,https://media.api-sports.io/football/teams/39.png,2.0
222,England,710778,Match Finished,FT,"Paul Tierney, England",2022-01-23 16:30:00+00:00,Regular Season - 23,49,Chelsea,https://media.api-sports.io/football/teams/49.png,2.0,47,Tottenham,https://media.api-sports.io/football/teams/47.png,0.0
223,England,710779,Match Finished,FT,"Kevin Friend, England",2022-01-23 14:00:00+00:00,Regular Season - 23,52,Crystal Palace,https://media.api-sports.io/football/teams/52.png,1.0,40,Liverpool,https://media.api-sports.io/football/teams/40.png,3.0
224,England,710780,Match Finished,FT,"Craig Pawson, England",2022-01-22 12:30:00+00:00,Regular Season - 23,45,Everton,https://media.api-sports.io/football/teams/45.png,0.0,66,Aston Villa,https://media.api-sports.io/football/teams/66.png,1.0
225,England,710781,Match Finished,FT,"Chris Kavanagh, England",2022-01-22 15:00:00+00:00,Regular Season - 23,63,Leeds,https://media.api-sports.io/football/teams/63.png,0.0,34,Newcastle,https://media.api-sports.io/football/teams/34.png,1.0
226,England,710782,Match Finished,FT,"Martin Atkinson, England",2022-01-23 14:00:00+00:00,Regular Season - 23,46,Leicester,https://media.api-sports.io/football/teams/46.png,1.0,51,Brighton,https://media.api-sports.io/football/teams/51.png,1.0
227,England,710783,Match Finished,FT,"Jonathan Moss, England",2022-01-22 15:00:00+00:00,Regular Season - 23,33,Manchester United,https://media.api-sports.io/football/teams/33.png,1.0,48,West Ham,https://media.api-sports.io/football/teams/48.png,0.0
228,England,710784,Match Finished,FT,"Simon Hooper, England",2022-01-22 17:30:00+00:00,Regular Season - 23,41,Southampton,https://media.api-sports.io/football/teams/41.png,1.0,50,Manchester City,https://media.api-sports.io/football/teams/50.png,1.0
229,England,710785,Match Finished,FT,"Mike Dean, England",2022-01-21 20:00:00+00:00,Regular Season - 23,38,Watford,https://media.api-sports.io/football/teams/38.png,0.0,71,Norwich,https://media.api-sports.io/football/teams/71.png,3.0
230,England,710786,Match Finished,FT,"Jarred Gillett, Australia",2022-02-09 20:00:00+00:00,Regular Season - 24,66,Aston Villa,https://media.api-sports.io/football/teams/66.png,3.0,63,Leeds,https://media.api-sports.io/football/teams/63.png,3.0
231,England,710787,Match Finished,FT,"Kevin Friend, England",2022-01-18 20:00:00+00:00,Regular Season - 24,51,Brighton,https://media.api-sports.io/football/teams/51.png,1.0,49,Chelsea,https://media.api-sports.io/football/teams/49.png,1.0
232,England,710788,Match Finished,FT,"Mike Dean, England",2022-02-08 20:00:00+00:00,Regular Season - 24,44,Burnley,https://media.api-sports.io/football/teams/44.png,1.0,33,Manchester United,https://media.api-sports.io/football/teams/33.png,1.0
233,England,710789,Match Finished,FT,"Paul Tierney, England",2022-02-09 19:45:00+00:00,Regular Season - 24,71,Norwich,https://media.api-sports.io/football/teams/71.png,1.0,52,Crystal Palace,https://media.api-sports.io/football/teams/52.png,1.0
234,England,710790,Match Finished,FT,"Martin Atkinson, England",2022-02-08 19:45:00+00:00,Regular Season - 24,48,West Ham,https://media.api-sports.io/football/teams/48.png,1.0,38,Watford,https://media.api-sports.io/football/teams/38.png,0.0
235,England,710791,Match Finished,FT,"Michael Oliver, England",2022-02-10 19:45:00+00:00,Regular Season - 24,39,Wolves,https://media.api-sports.io/football/teams/39.png,0.0,42,Arsenal,https://media.api-sports.io/football/teams/42.png,1.0
236,England,710792,Match Finished,FT,"Anthony Taylor, England",2022-02-08 19:45:00+00:00,Regular Season - 24,34,Newcastle,https://media.api-sports.io/football/teams/34.png,3.0,45,Everton,https://media.api-sports.io/football/teams/45.png,1.0
237,England,710793,Match Finished,FT,"David Coote, England",2022-02-09 19:45:00+00:00,Regular Season - 24,47,Tottenham,https://media.api-sports.io/football/teams/47.png,2.0,41,Southampton,https://media.api-sports.io/football/teams/41.png,3.0
238,England,710794,Match Finished,FT,"Chris Kavanagh, England",2022-02-10 19:45:00+00:00,Regular Season - 24,40,Liverpool,https://media.api-sports.io/football/teams/40.png,2.0,46,Leicester,https://media.api-sports.io/football/teams/46.png,0.0
239,England,710795,Match Finished,FT,"England Darren, England",2022-02-09 19:45:00+00:00,Regular Season - 24,50,Manchester City,https://media.api-sports.io/football/teams/50.png,2.0,55,Brentford,https://media.api-sports.io/football/teams/55.png,0.0
240,England,710796,Match Finished,FT,"Simon Hooper, England",2022-02-12 15:00:00+00:00,Regular Season - 25,55,Brentford,https://media.api-sports.io/football/teams/55.png,0.0,52,Crystal Palace,https://media.api-sports.io/football/teams/52.png,0.0
241,England,710797,Match Finished,FT,"Martin Atkinson, England",2022-02-13 14:00:00+00:00,Regular Season - 25,44,Burnley,https://media.api-sports.io/football/teams/44.png,0.0,40,Liverpool,https://media.api-sports.io/football/teams/40.png,1.0
242,England,710798,Match Postponed,PST,,2022-02-12 15:00:00+00:00,Regular Season - 25,49,Chelsea,https://media.api-sports.io/football/teams/49.png,,42,Arsenal,https://media.api-sports.io/football/teams/42.png,
243,England,710799,Match Finished,FT,"Graham Scott, England",2022-02-12 15:00:00+00:00,Regular Season - 25,45,Everton,https://media.api-sports.io/football/teams/45.png,3.0,63,Leeds,https://media.api-sports.io/football/teams/63.png,0.0
244,England,710800,Match Finished,FT,"Michael Oliver, England",2022-02-13 16:30:00+00:00,Regular Season - 25,46,Leicester,https://media.api-sports.io/football/teams/46.png,2.0,48,West Ham,https://media.api-sports.io/football/teams/48.png,2.0
245,England,710801,Match Finished,FT,"Stuart Attwell, England",2022-02-12 12:30:00+00:00,Regular Season - 25,33,Manchester United,https://media.api-sports.io/football/teams/33.png,1.0,41,Southampton,https://media.api-sports.io/football/teams/41.png,1.0
246,England,710802,Match Finished,FT,"Craig Pawson, England",2022-02-13 14:00:00+00:00,Regular Season - 25,34,Newcastle,https://media.api-sports.io/football/teams/34.png,1.0,66,Aston Villa,https://media.api-sports.io/football/teams/66.png,0.0
247,England,710803,Match Finished,FT,"Andre Marriner, England",2022-02-12 17:30:00+00:00,Regular Season - 25,71,Norwich,https://media.api-sports.io/football/teams/71.png,0.0,50,Manchester City,https://media.api-sports.io/football/teams/50.png,4.0
248,England,710804,Match Finished,FT,"Kevin Friend, England",2022-02-13 14:00:00+00:00,Regular Season - 25,47,Tottenham,https://media.api-sports.io/football/teams/47.png,0.0,39,Wolves,https://media.api-sports.io/football/teams/39.png,2.0
249,England,710805,Match Finished,FT,"Jonathan Moss, England",2022-02-12 15:00:00+00:00,Regular Season - 25,38,Watford,https://media.api-sports.io/football/teams/38.png,0.0,51,Brighton,https://media.api-sports.io/football/teams/51.png,2.0
250,England,710806,Match Finished,FT,"Jonathan Moss, England",2022-02-19 15:00:00+00:00,Regular Season - 26,42,Arsenal,https://media.api-sports.io/football/teams/42.png,2.0,55,Brentford,https://media.api-sports.io/football/teams/55.png,1.0
251,England,710807,Match Finished,FT,"Robert Jones, England",2022-02-19 15:00:00+00:00,Regular Season - 26,66,Aston Villa,https://media.api-sports.io/football/teams/66.png,0.0,38,Watford,https://media.api-sports.io/football/teams/38.png,1.0
252,England,710808,Match Finished,FT,"Kevin Friend, England",2022-02-19 15:00:00+00:00,Regular Season - 26,51,Brighton,https://media.api-sports.io/football/teams/51.png,0.0,44,Burnley,https://media.api-sports.io/football/teams/44.png,3.0
253,England,710809,Match Finished,FT,"David Coote, England",2022-02-19 15:00:00+00:00,Regular Season - 26,52,Crystal Palace,https://media.api-sports.io/football/teams/52.png,0.0,49,Chelsea,https://media.api-sports.io/football/teams/49.png,1.0
254,England,710810,Match Finished,FT,"Paul Tierney, England",2022-02-20 14:00:00+00:00,Regular Season - 26,63,Leeds,https://media.api-sports.io/football/teams/63.png,2.0,33,Manchester United,https://media.api-sports.io/football/teams/33.png,4.0
255,England,710811,Match Finished,FT,"Mike Dean, England",2022-02-19 15:00:00+00:00,Regular Season - 26,40,Liverpool,https://media.api-sports.io/football/teams/40.png,3.0,71,Norwich,https://media.api-sports.io/football/teams/71.png,1.0
256,England,710812,Match Finished,FT,"Anthony Taylor, England",2022-02-19 17:30:00+00:00,Regular Season - 26,50,Manchester City,https://media.api-sports.io/football/teams/50.png,2.0,47,Tottenham,https://media.api-sports.io/football/teams/47.png,3.0
257,England,710813,Match Finished,FT,"Andy Madley, England",2022-02-19 15:00:00+00:00,Regular Season - 26,41,Southampton,https://media.api-sports.io/football/teams/41.png,2.0,45,Everton,https://media.api-sports.io/football/teams/45.png,0.0
258,England,710814,Match Finished,FT,"Chris Kavanagh, England",2022-02-19 12:30:00+00:00,Regular Season - 26,48,West Ham,https://media.api-sports.io/football/teams/48.png,1.0,34,Newcastle,https://media.api-sports.io/football/teams/34.png,1.0
259,England,710815,Match Finished,FT,"Craig Pawson, England",2022-02-20 16:30:00+00:00,Regular Season - 26,39,Wolves,https://media.api-sports.io/football/teams/39.png,2.0,46,Leicester,https://media.api-sports.io/football/teams/46.png,1.0
260,England,710816,Not Started,NS,,2022-03-16 20:15:00+00:00,Regular Season - 27,42,Arsenal,https://media.api-sports.io/football/teams/42.png,,40,Liverpool,https://media.api-sports.io/football/teams/40.png,
261,England,710817,Match Finished,FT,"Mike Dean, England",2022-02-26 15:00:00+00:00,Regular Season - 27,55,Brentford,https://media.api-sports.io/football/teams/55.png,0.0,34,Newcastle,https://media.api-sports.io/football/teams/34.png,2.0
262,England,710818,Match Finished,FT,"John Brooks, England",2022-02-26 15:30:00+00:00,Regular Season - 27,51,Brighton,https://media.api-sports.io/football/teams/51.png,0.0,66,Aston Villa,https://media.api-sports.io/football/teams/66.png,2.0
263,England,710819,Match Postponed,PST,,2022-02-27 14:00:00+00:00,Regular Season - 27,49,Chelsea,https://media.api-sports.io/football/teams/49.png,,46,Leicester,https://media.api-sports.io/football/teams/46.png,
264,England,710820,Match Finished,FT,"Jonathan Moss, England",2022-02-26 15:00:00+00:00,Regular Season - 27,52,Crystal Palace,https://media.api-sports.io/football/teams/52.png,1.0,44,Burnley,https://media.api-sports.io/football/teams/44.png,1.0
265,England,710821,Match Finished,FT,"Paul Tierney, England",2022-02-26 17:30:00+00:00,Regular Season - 27,45,Everton,https://media.api-sports.io/football/teams/45.png,0.0,50,Manchester City,https://media.api-sports.io/football/teams/50.png,1.0
266,England,710822,Match Finished,FT,"Craig Pawson, England",2022-02-26 12:30:00+00:00,Regular Season - 27,63,Leeds,https://media.api-sports.io/football/teams/63.png,0.0,47,Tottenham,https://media.api-sports.io/football/teams/47.png,4.0
267,England,710823,Match Finished,FT,"Kevin Friend, England",2022-02-26 15:00:00+00:00,Regular Season - 27,33,Manchester United,https://media.api-sports.io/football/teams/33.png,0.0,38,Watford,https://media.api-sports.io/football/teams/38.png,0.0
268,England,710824,Match Finished,FT,"Simon Hooper, England",2022-02-25 20:00:00+00:00,Regular Season - 27,41,Southampton,https://media.api-sports.io/football/teams/41.png,2.0,71,Norwich,https://media.api-sports.io/football/teams/71.png,0.0
269,England,710825,Match Finished,FT,"Anthony Taylor, England",2022-02-27 14:00:00+00:00,Regular Season - 27,48,West Ham,https://media.api-sports.io/football/teams/48.png,1.0,39,Wolves,https://media.api-sports.io/football/teams/39.png,0.0
270,England,710826,Match Finished,FT,"Peter Bankes, England",2022-03-05 15:00:00+00:00,Regular Season - 28,66,Aston Villa,https://media.api-sports.io/football/teams/66.png,4.0,41,Southampton,https://media.api-sports.io/football/teams/41.png,0.0
271,England,710827,Match Finished,FT,"Andre Marriner, England",2022-03-05 15:00:00+00:00,Regular Season - 28,44,Burnley,https://media.api-sports.io/football/teams/44.png,0.0,49,Chelsea,https://media.api-sports.io/football/teams/49.png,4.0
272,England,710828,Match Finished,FT,"David Coote, England",2022-03-05 12:30:00+00:00,Regular Season - 28,46,Leicester,https://media.api-sports.io/football/teams/46.png,1.0,63,Leeds,https://media.api-sports.io/football/teams/63.png,0.0
273,England,710829,Match Finished,FT,"Jonathan Moss, England",2022-03-05 17:30:00+00:00,Regular Season - 28,40,Liverpool,https://media.api-sports.io/football/teams/40.png,1.0,48,West Ham,https://media.api-sports.io/football/teams/48.png,0.0
274,England,710830,Match Finished,FT,"Michael Oliver, England",2022-03-06 16:30:00+00:00,Regular Season - 28,50,Manchester City,https://media.api-sports.io/football/teams/50.png,4.0,33,Manchester United,https://media.api-sports.io/football/teams/33.png,1.0
275,England,710831,Match Finished,FT,"Martin Atkinson, England",2022-03-05 15:00:00+00:00,Regular Season - 28,34,Newcastle,https://media.api-sports.io/football/teams/34.png,2.0,51,Brighton,https://media.api-sports.io/football/teams/51.png,1.0
276,England,710832,Match Finished,FT,"Anthony Taylor, England",2022-03-05 15:00:00+00:00,Regular Season - 28,71,Norwich,https://media.api-sports.io/football/teams/71.png,1.0,55,Brentford,https://media.api-sports.io/football/teams/55.png,3.0
277,England,710833,Match Finished,FT,"Stuart Attwell, England",2022-03-07 20:00:00+00:00,Regular Season - 28,47,Tottenham,https://media.api-sports.io/football/teams/47.png,5.0,45,Everton,https://media.api-sports.io/football/teams/45.png,0.0
278,England,710834,Match Finished,FT,"Craig Pawson, England",2022-03-06 14:00:00+00:00,Regular Season - 28,38,Watford,https://media.api-sports.io/football/teams/38.png,2.0,42,Arsenal,https://media.api-sports.io/football/teams/42.png,3.0
279,England,710835,Match Finished,FT,"Andy Madley, England",2022-03-05 15:00:00+00:00,Regular Season - 28,39,Wolves,https://media.api-sports.io/football/teams/39.png,0.0,52,Crystal Palace,https://media.api-sports.io/football/teams/52.png,2.0
280,England,710836,Not Started,NS,,2022-03-13 16:30:00+00:00,Regular Season - 29,42,Arsenal,https://media.api-sports.io/football/teams/42.png,,46,Leicester,https://media.api-sports.io/football/teams/46.png,
281,England,710837,Not Started,NS,,2022-03-12 15:00:00+00:00,Regular Season - 29,55,Brentford,https://media.api-sports.io/football/teams/55.png,,44,Burnley,https://media.api-sports.io/football/teams/44.png,
282,England,710838,Not Started,NS,,2022-03-12 12:30:00+00:00,Regular Season - 29,51,Brighton,https://media.api-sports.io/football/teams/51.png,,40,Liverpool,https://media.api-sports.io/football/teams/40.png,
283,England,710839,Not Started,NS,,2022-03-13 14:00:00+00:00,Regular Season - 29,49,Chelsea,https://media.api-sports.io/football/teams/49.png,,34,Newcastle,https://media.api-sports.io/football/teams/34.png,
284,England,710840,Not Started,NS,,2022-03-14 20:00:00+00:00,Regular Season - 29,52,Crystal Palace,https://media.api-sports.io/football/teams/52.png,,50,Manchester City,https://media.api-sports.io/football/teams/50.png,
285,England,710841,Not Started,NS,,2022-03-13 14:00:00+00:00,Regular Season - 29,45,Everton,https://media.api-sports.io/football/teams/45.png,,39,Wolves,https://media.api-sports.io/football/teams/39.png,
286,England,710842,Not Started,NS,,2022-03-13 14:00:00+00:00,Regular Season - 29,63,Leeds,https://media.api-sports.io/football/teams/63.png,,71,Norwich,https://media.api-sports.io/football/teams/71.png,
287,England,710843,Not Started,NS,,2022-03-12 17:30:00+00:00,Regular Season - 29,33,Manchester United,https://media.api-sports.io/football/teams/33.png,,47,Tottenham,https://media.api-sports.io/football/teams/47.png,
288,England,710844,Not Started,NS,,2022-03-13 14:00:00+00:00,Regular Season - 29,41,Southampton,https://media.api-sports.io/football/teams/41.png,,38,Watford,https://media.api-sports.io/football/teams/38.png,
289,England,710845,Not Started,NS,,2022-03-13 14:00:00+00:00,Regular Season - 29,48,West Ham,https://media.api-sports.io/football/teams/48.png,,66,Aston Villa,https://media.api-sports.io/football/teams/66.png,
290,England,710846,Not Started,NS,,2022-03-19 12:30:00+00:00,Regular Season - 30,66,Aston Villa,https://media.api-sports.io/football/teams/66.png,,42,Arsenal,https://media.api-sports.io/football/teams/42.png,
291,England,710847,Match Postponed,PST,,2022-03-19 17:30:00+00:00,Regular Season - 30,44,Burnley,https://media.api-sports.io/football/teams/44.png,,41,Southampton,https://media.api-sports.io/football/teams/41.png,
292,England,710848,Not Started,NS,,2022-03-20 14:00:00+00:00,Regular Season - 30,46,Leicester,https://media.api-sports.io/football/teams/46.png,,55,Brentford,https://media.api-sports.io/football/teams/55.png,
293,England,710849,Match Postponed,PST,,2022-03-20 16:30:00+00:00,Regular Season - 30,40,Liverpool,https://media.api-sports.io/football/teams/40.png,,33,Manchester United,https://media.api-sports.io/football/teams/33.png,
294,England,710850,Match Postponed,PST,,2022-03-19 15:00:00+00:00,Regular Season - 30,50,Manchester City,https://media.api-sports.io/football/teams/50.png,,51,Brighton,https://media.api-sports.io/football/teams/51.png,
295,England,710851,Match Postponed,PST,,2022-03-20 14:00:00+00:00,Regular Season - 30,34,Newcastle,https://media.api-sports.io/football/teams/34.png,,52,Crystal Palace,https://media.api-sports.io/football/teams/52.png,
296,England,710852,Not Started,NS,M. Atkinson,2022-03-10 19:30:00+00:00,Regular Season - 30,71,Norwich,https://media.api-sports.io/football/teams/71.png,,49,Chelsea,https://media.api-sports.io/football/teams/49.png,
297,England,710853,Not Started,NS,,2022-03-20 16:30:00+00:00,Regular Season - 30,47,Tottenham,https://media.api-sports.io/football/teams/47.png,,48,West Ham,https://media.api-sports.io/football/teams/48.png,
298,England,710854,Match Postponed,PST,,2022-03-20 14:00:00+00:00,Regular Season - 30,38,Watford,https://media.api-sports.io/football/teams/38.png,,45,Everton,https://media.api-sports.io/football/teams/45.png,
299,England,710855,Not Started,NS,,2022-03-18 20:00:00+00:00,Regular Season - 30,39,Wolves,https://media.api-sports.io/football/teams/39.png,,63,Leeds,https://media.api-sports.io/football/teams/63.png,
300,England,710856,Not Started,NS,,2022-04-02 14:00:00+00:00,Regular Season - 31,51,Brighton,https://media.api-sports.io/football/teams/51.png,,71,Norwich,https://media.api-sports.io/football/teams/71.png,
301,England,710857,Not Started,NS,,2022-04-02 14:00:00+00:00,Regular Season - 31,44,Burnley,https://media.api-sports.io/football/teams/44.png,,50,Manchester City,https://media.api-sports.io/football/teams/50.png,
302,England,710858,Not Started,NS,,2022-04-02 14:00:00+00:00,Regular Season - 31,49,Chelsea,https://media.api-sports.io/football/teams/49.png,,55,Brentford,https://media.api-sports.io/football/teams/55.png,
303,England,710859,Not Started,NS,,2022-04-04 19:00:00+00:00,Regular Season - 31,52,Crystal Palace,https://media.api-sports.io/football/teams/52.png,,42,Arsenal,https://media.api-sports.io/football/teams/42.png,
304,England,710860,Not Started,NS,,2022-04-02 14:00:00+00:00,Regular Season - 31,63,Leeds,https://media.api-sports.io/football/teams/63.png,,41,Southampton,https://media.api-sports.io/football/teams/41.png,
305,England,710861,Not Started,NS,,2022-04-02 11:30:00+00:00,Regular Season - 31,40,Liverpool,https://media.api-sports.io/football/teams/40.png,,38,Watford,https://media.api-sports.io/football/teams/38.png,
306,England,710862,Not Started,NS,,2022-04-02 16:30:00+00:00,Regular Season - 31,33,Manchester United,https://media.api-sports.io/football/teams/33.png,,46,Leicester,https://media.api-sports.io/football/teams/46.png,
307,England,710863,Not Started,NS,,2022-04-03 15:30:00+00:00,Regular Season - 31,47,Tottenham,https://media.api-sports.io/football/teams/47.png,,34,Newcastle,https://media.api-sports.io/football/teams/34.png,
308,England,710864,Not Started,NS,,2022-04-03 13:00:00+00:00,Regular Season - 31,48,West Ham,https://media.api-sports.io/football/teams/48.png,,45,Everton,https://media.api-sports.io/football/teams/45.png,
309,England,710865,Not Started,NS,,2022-04-02 14:00:00+00:00,Regular Season - 31,39,Wolves,https://media.api-sports.io/football/teams/39.png,,66,Aston Villa,https://media.api-sports.io/football/teams/66.png,
310,England,710866,Not Started,NS,,2022-04-09 14:00:00+00:00,Regular Season - 32,42,Arsenal,https://media.api-sports.io/football/teams/42.png,,51,Brighton,https://media.api-sports.io/football/teams/51.png,
311,England,710867,Not Started,NS,,2022-04-09 16:30:00+00:00,Regular Season - 32,66,Aston Villa,https://media.api-sports.io/football/teams/66.png,,47,Tottenham,https://media.api-sports.io/football/teams/47.png,
312,England,710868,Not Started,NS,,2022-04-09 14:00:00+00:00,Regular Season - 32,55,Brentford,https://media.api-sports.io/football/teams/55.png,,48,West Ham,https://media.api-sports.io/football/teams/48.png,
313,England,710869,Not Started,NS,,2022-04-09 11:30:00+00:00,Regular Season - 32,45,Everton,https://media.api-sports.io/football/teams/45.png,,33,Manchester United,https://media.api-sports.io/football/teams/33.png,
314,England,710870,Not Started,NS,,2022-04-09 14:00:00+00:00,Regular Season - 32,46,Leicester,https://media.api-sports.io/football/teams/46.png,,52,Crystal Palace,https://media.api-sports.io/football/teams/52.png,
315,England,710871,Not Started,NS,,2022-04-10 15:30:00+00:00,Regular Season - 32,50,Manchester City,https://media.api-sports.io/football/teams/50.png,,40,Liverpool,https://media.api-sports.io/football/teams/40.png,
316,England,710872,Not Started,NS,,2022-04-08 19:00:00+00:00,Regular Season - 32,34,Newcastle,https://media.api-sports.io/football/teams/34.png,,39,Wolves,https://media.api-sports.io/football/teams/39.png,
317,England,710873,Not Started,NS,,2022-04-10 13:00:00+00:00,Regular Season - 32,71,Norwich,https://media.api-sports.io/football/teams/71.png,,44,Burnley,https://media.api-sports.io/football/teams/44.png,
318,England,710874,Not Started,NS,,2022-04-09 14:00:00+00:00,Regular Season - 32,41,Southampton,https://media.api-sports.io/football/teams/41.png,,49,Chelsea,https://media.api-sports.io/football/teams/49.png,
319,England,710875,Not Started,NS,,2022-04-09 14:00:00+00:00,Regular Season - 32,38,Watford,https://media.api-sports.io/football/teams/38.png,,63,Leeds,https://media.api-sports.io/football/teams/63.png,
320,England,710876,Not Started,NS,,2022-04-16 14:00:00+00:00,Regular Season - 33,66,Aston Villa,https://media.api-sports.io/football/teams/66.png,,40,Liverpool,https://media.api-sports.io/football/teams/40.png,
321,England,710877,Match Postponed,PST,,2022-04-16 14:00:00+00:00,Regular Season - 33,45,Everton,https://media.api-sports.io/football/teams/45.png,,52,Crystal Palace,https://media.api-sports.io/football/teams/52.png,
322,England,710878,Not Started,NS,,2022-04-16 14:00:00+00:00,Regular Season - 33,63,Leeds,https://media.api-sports.io/football/teams/63.png,,49,Chelsea,https://media.api-sports.io/football/teams/49.png,
323,England,710879,Not Started,NS,,2022-04-16 14:00:00+00:00,Regular Season - 33,33,Manchester United,https://media.api-sports.io/football/teams/33.png,,71,Norwich,https://media.api-sports.io/football/teams/71.png,
324,England,710880,Not Started,NS,,2022-04-16 14:00:00+00:00,Regular Season - 33,34,Newcastle,https://media.api-sports.io/football/teams/34.png,,46,Leicester,https://media.api-sports.io/football/teams/46.png,
325,England,710881,Not Started,NS,,2022-04-16 14:00:00+00:00,Regular Season - 33,41,Southampton,https://media.api-sports.io/football/teams/41.png,,42,Arsenal,https://media.api-sports.io/football/teams/42.png,
326,England,710882,Not Started,NS,,2022-04-16 14:00:00+00:00,Regular Season - 33,47,Tottenham,https://media.api-sports.io/football/teams/47.png,,51,Brighton,https://media.api-sports.io/football/teams/51.png,
327,England,710883,Not Started,NS,,2022-04-16 14:00:00+00:00,Regular Season - 33,38,Watford,https://media.api-sports.io/football/teams/38.png,,55,Brentford,https://media.api-sports.io/football/teams/55.png,
328,England,710884,Not Started,NS,,2022-04-16 14:00:00+00:00,Regular Season - 33,48,West Ham,https://media.api-sports.io/football/teams/48.png,,44,Burnley,https://media.api-sports.io/football/teams/44.png,
329,England,710885,Not Started,NS,,2022-04-16 14:00:00+00:00,Regular Season - 33,39,Wolves,https://media.api-sports.io/football/teams/39.png,,50,Manchester City,https://media.api-sports.io/football/teams/50.png,
330,England,710886,Not Started,NS,,2022-04-23 14:00:00+00:00,Regular Season - 34,42,Arsenal,https://media.api-sports.io/football/teams/42.png,,33,Manchester United,https://media.api-sports.io/football/teams/33.png,
331,England,710887,Not Started,NS,,2022-04-23 14:00:00+00:00,Regular Season - 34,55,Brentford,https://media.api-sports.io/football/teams/55.png,,47,Tottenham,https://media.api-sports.io/football/teams/47.png,
332,England,710888,Not Started,NS,,2022-04-23 14:00:00+00:00,Regular Season - 34,51,Brighton,https://media.api-sports.io/football/teams/51.png,,41,Southampton,https://media.api-sports.io/football/teams/41.png,
333,England,710889,Not Started,NS,,2022-04-23 14:00:00+00:00,Regular Season - 34,44,Burnley,https://media.api-sports.io/football/teams/44.png,,39,Wolves,https://media.api-sports.io/football/teams/39.png,
334,England,710890,Not Started,NS,,2022-04-23 14:00:00+00:00,Regular Season - 34,49,Chelsea,https://media.api-sports.io/football/teams/49.png,,48,West Ham,https://media.api-sports.io/football/teams/48.png,
335,England,710891,Not Started,NS,,2022-04-23 14:00:00+00:00,Regular Season - 34,52,Crystal Palace,https://media.api-sports.io/football/teams/52.png,,63,Leeds,https://media.api-sports.io/football/teams/63.png,
336,England,710892,Not Started,NS,,2022-04-23 14:00:00+00:00,Regular Season - 34,46,Leicester,https://media.api-sports.io/football/teams/46.png,,66,Aston Villa,https://media.api-sports.io/football/teams/66.png,
337,England,710893,Not Started,NS,,2022-04-23 14:00:00+00:00,Regular Season - 34,40,Liverpool,https://media.api-sports.io/football/teams/40.png,,45,Everton,https://media.api-sports.io/football/teams/45.png,
338,England,710894,Not Started,NS,,2022-04-23 14:00:00+00:00,Regular Season - 34,50,Manchester City,https://media.api-sports.io/football/teams/50.png,,38,Watford,https://media.api-sports.io/football/teams/38.png,
339,England,710895,Not Started,NS,,2022-04-23 14:00:00+00:00,Regular Season - 34,71,Norwich,https://media.api-sports.io/football/teams/71.png,,34,Newcastle,https://media.api-sports.io/football/teams/34.png,
340,England,710896,Not Started,NS,,2022-04-30 14:00:00+00:00,Regular Season - 35,66,Aston Villa,https://media.api-sports.io/football/teams/66.png,,71,Norwich,https://media.api-sports.io/football/teams/71.png,
341,England,710897,Not Started,NS,,2022-04-30 14:00:00+00:00,Regular Season - 35,45,Everton,https://media.api-sports.io/football/teams/45.png,,49,Chelsea,https://media.api-sports.io/football/teams/49.png,
342,England,710898,Not Started,NS,,2022-04-30 14:00:00+00:00,Regular Season - 35,63,Leeds,https://media.api-sports.io/football/teams/63.png,,50,Manchester City,https://media.api-sports.io/football/teams/50.png,
343,England,710899,Not Started,NS,,2022-04-30 14:00:00+00:00,Regular Season - 35,33,Manchester United,https://media.api-sports.io/football/teams/33.png,,55,Brentford,https://media.api-sports.io/football/teams/55.png,
344,England,710900,Not Started,NS,,2022-04-30 14:00:00+00:00,Regular Season - 35,34,Newcastle,https://media.api-sports.io/football/teams/34.png,,40,Liverpool,https://media.api-sports.io/football/teams/40.png,
345,England,710901,Not Started,NS,,2022-04-30 14:00:00+00:00,Regular Season - 35,41,Southampton,https://media.api-sports.io/football/teams/41.png,,52,Crystal Palace,https://media.api-sports.io/football/teams/52.png,
346,England,710902,Not Started,NS,,2022-04-30 14:00:00+00:00,Regular Season - 35,47,Tottenham,https://media.api-sports.io/football/teams/47.png,,46,Leicester,https://media.api-sports.io/football/teams/46.png,
347,England,710903,Not Started,NS,,2022-04-30 14:00:00+00:00,Regular Season - 35,38,Watford,https://media.api-sports.io/football/teams/38.png,,44,Burnley,https://media.api-sports.io/football/teams/44.png,
348,England,710904,Not Started,NS,,2022-04-30 14:00:00+00:00,Regular Season - 35,48,West Ham,https://media.api-sports.io/football/teams/48.png,,42,Arsenal,https://media.api-sports.io/football/teams/42.png,
349,England,710905,Not Started,NS,,2022-04-30 14:00:00+00:00,Regular Season - 35,39,Wolves,https://media.api-sports.io/football/teams/39.png,,51,Brighton,https://media.api-sports.io/football/teams/51.png,
350,England,710906,Not Started,NS,,2022-05-07 14:00:00+00:00,Regular Season - 36,42,Arsenal,https://media.api-sports.io/football/teams/42.png,,63,Leeds,https://media.api-sports.io/football/teams/63.png,
351,England,710907,Not Started,NS,,2022-05-07 14:00:00+00:00,Regular Season - 36,55,Brentford,https://media.api-sports.io/football/teams/55.png,,41,Southampton,https://media.api-sports.io/football/teams/41.png,
352,England,710908,Not Started,NS,,2022-05-07 14:00:00+00:00,Regular Season - 36,51,Brighton,https://media.api-sports.io/football/teams/51.png,,33,Manchester United,https://media.api-sports.io/football/teams/33.png,
353,England,710909,Not Started,NS,,2022-05-07 14:00:00+00:00,Regular Season - 36,44,Burnley,https://media.api-sports.io/football/teams/44.png,,66,Aston Villa,https://media.api-sports.io/football/teams/66.png,
354,England,710910,Not Started,NS,,2022-05-07 14:00:00+00:00,Regular Season - 36,49,Chelsea,https://media.api-sports.io/football/teams/49.png,,39,Wolves,https://media.api-sports.io/football/teams/39.png,
355,England,710911,Not Started,NS,,2022-05-07 14:00:00+00:00,Regular Season - 36,52,Crystal Palace,https://media.api-sports.io/football/teams/52.png,,38,Watford,https://media.api-sports.io/football/teams/38.png,
356,England,710912,Not Started,NS,,2022-05-07 14:00:00+00:00,Regular Season - 36,46,Leicester,https://media.api-sports.io/football/teams/46.png,,45,Everton,https://media.api-sports.io/football/teams/45.png,
357,England,710913,Not Started,NS,,2022-05-07 14:00:00+00:00,Regular Season - 36,40,Liverpool,https://media.api-sports.io/football/teams/40.png,,47,Tottenham,https://media.api-sports.io/football/teams/47.png,
358,England,710914,Not Started,NS,,2022-05-07 14:00:00+00:00,Regular Season - 36,50,Manchester City,https://media.api-sports.io/football/teams/50.png,,34,Newcastle,https://media.api-sports.io/football/teams/34.png,
359,England,710915,Not Started,NS,,2022-05-07 14:00:00+00:00,Regular Season - 36,71,Norwich,https://media.api-sports.io/football/teams/71.png,,48,West Ham,https://media.api-sports.io/football/teams/48.png,
360,England,710916,Not Started,NS,,2022-05-15 14:00:00+00:00,Regular Season - 37,66,Aston Villa,https://media.api-sports.io/football/teams/66.png,,52,Crystal Palace,https://media.api-sports.io/football/teams/52.png,
361,England,710917,Not Started,NS,,2022-05-15 14:00:00+00:00,Regular Season - 37,45,Everton,https://media.api-sports.io/football/teams/45.png,,55,Brentford,https://media.api-sports.io/football/teams/55.png,
362,England,710918,Not Started,NS,,2022-05-15 14:00:00+00:00,Regular Season - 37,63,Leeds,https://media.api-sports.io/football/teams/63.png,,51,Brighton,https://media.api-sports.io/football/teams/51.png,
363,England,710919,Not Started,NS,,2022-05-15 14:00:00+00:00,Regular Season - 37,33,Manchester United,https://media.api-sports.io/football/teams/33.png,,49,Chelsea,https://media.api-sports.io/football/teams/49.png,
364,England,710920,Not Started,NS,,2022-05-15 14:00:00+00:00,Regular Season - 37,34,Newcastle,https://media.api-sports.io/football/teams/34.png,,42,Arsenal,https://media.api-sports.io/football/teams/42.png,
365,England,710921,Not Started,NS,,2022-05-15 14:00:00+00:00,Regular Season - 37,41,Southampton,https://media.api-sports.io/football/teams/41.png,,40,Liverpool,https://media.api-sports.io/football/teams/40.png,
366,England,710922,Not Started,NS,,2022-05-15 14:00:00+00:00,Regular Season - 37,47,Tottenham,https://media.api-sports.io/football/teams/47.png,,44,Burnley,https://media.api-sports.io/football/teams/44.png,
367,England,710923,Not Started,NS,,2022-05-15 14:00:00+00:00,Regular Season - 37,38,Watford,https://media.api-sports.io/football/teams/38.png,,46,Leicester,https://media.api-sports.io/football/teams/46.png,
368,England,710924,Not Started,NS,,2022-05-15 14:00:00+00:00,Regular Season - 37,48,West Ham,https://media.api-sports.io/football/teams/48.png,,50,Manchester City,https://media.api-sports.io/football/teams/50.png,
369,England,710925,Not Started,NS,,2022-05-15 14:00:00+00:00,Regular Season - 37,39,Wolves,https://media.api-sports.io/football/teams/39.png,,71,Norwich,https://media.api-sports.io/football/teams/71.png,
370,England,710926,Not Started,NS,,2022-05-22 15:00:00+00:00,Regular Season - 38,42,Arsenal,https://media.api-sports.io/football/teams/42.png,,45,Everton,https://media.api-sports.io/football/teams/45.png,
371,England,710927,Not Started,NS,,2022-05-22 15:00:00+00:00,Regular Season - 38,55,Brentford,https://media.api-sports.io/football/teams/55.png,,63,Leeds,https://media.api-sports.io/football/teams/63.png,
372,England,710928,Not Started,NS,,2022-05-22 15:00:00+00:00,Regular Season - 38,51,Brighton,https://media.api-sports.io/football/teams/51.png,,48,West Ham,https://media.api-sports.io/football/teams/48.png,
373,England,710929,Not Started,NS,,2022-05-22 15:00:00+00:00,Regular Season - 38,44,Burnley,https://media.api-sports.io/football/teams/44.png,,34,Newcastle,https://media.api-sports.io/football/teams/34.png,
374,England,710930,Not Started,NS,,2022-05-22 15:00:00+00:00,Regular Season - 38,49,Chelsea,https://media.api-sports.io/football/teams/49.png,,38,Watford,https://media.api-sports.io/football/teams/38.png,
375,England,710931,Not Started,NS,,2022-05-22 15:00:00+00:00,Regular Season - 38,52,Crystal Palace,https://media.api-sports.io/football/teams/52.png,,33,Manchester United,https://media.api-sports.io/football/teams/33.png,
376,England,710932,Not Started,NS,,2022-05-22 15:00:00+00:00,Regular Season - 38,46,Leicester,https://media.api-sports.io/football/teams/46.png,,41,Southampton,https://media.api-sports.io/football/teams/41.png,
377,England,710933,Not Started,NS,,2022-05-22 15:00:00+00:00,Regular Season - 38,40,Liverpool,https://media.api-sports.io/football/teams/40.png,,39,Wolves,https://media.api-sports.io/football/teams/39.png,
378,England,710934,Not Started,NS,,2022-05-22 15:00:00+00:00,Regular Season - 38,50,Manchester City,https://media.api-sports.io/football/teams/50.png,,66,Aston Villa,https://media.api-sports.io/football/teams/66.png,
379,England,710935,Not Started,NS,,2022-05-22 15:00:00+00:00,Regular Season - 38,71,Norwich,https://media.api-sports.io/football/teams/71.png,,47,Tottenham,https://media.api-sports.io/football/teams/47.png,
