idPlayer,nomePlayer,team_id,team_name,atleta_id,nome,apelido,foto,clube_nome,escudos_foto,abreviacao_pos
66176,Dudu,1361,Atlético-GO,97133.0,Luís Eduardo Marques dos Santos,Dudu,https://s.glbimg.com/es/sde/f/2022/03/03/b0bce50f61a2478463da6058f9be7677_140x140.png,Atlético-GO,https://s.glbimg.com/es/sde/f/organizacoes/2020/07/02/atletico-go-2020-65.png,lat
50802,Marlon Freitas,1361,Atlético-GO,93790.0,Marlon Rodrigues Freitas,Marlon Freitas,https://s.glbimg.com/es/sde/f/2022/03/03/85a5271ee9f81358e6e4009139db31e5_140x140.png,Atlético-GO,https://s.glbimg.com/es/sde/f/organizacoes/2020/07/02/atletico-go-2020-65.png,mei
63656,Jefferson,1361,Atlético-GO,95220.0,Jefferson Junio Antônio da Silva,Jefferson,https://s.glbimg.com/es/sde/f/2022/03/03/80467cde6b46e7d96a9fc9fa200520fa_140x140.png,Atlético-GO,https://s.glbimg.com/es/sde/f/organizacoes/2020/07/02/atletico-go-2020-65.png,lat
21122,Edson,1361,Atlético-GO,105901.0,Edson Fernando da Silva Gomes,Edson,https://s.glbimg.com/es/sde/f/2022/04/12/f57b8667fe8b6260cbb9d4e2f6de8814_140x140.png,Atlético-GO,https://s.glbimg.com/es/sde/f/organizacoes/2020/07/02/atletico-go-2020-65.png,mei
33213,Wanderson,1361,Atlético-GO,86143.0,Wanderson Santos Pereira,Wanderson,https://s.glbimg.com/es/sde/f/2022/03/03/e4318c57015f1d5169d4e83fc7af4813_140x140.png,Atlético-GO,https://s.glbimg.com/es/sde/f/organizacoes/2020/07/02/atletico-go-2020-65.png,zag
75379,Léo Pereira,1361,Atlético-GO,106681.0,Leonardo Augusto dos Santos Pereira,Léo Pereira,https://s.glbimg.com/es/sde/f/2022/03/03/b6e2734629454f1ee92d354283343741_140x140.png,Atlético-GO,https://s.glbimg.com/es/sde/f/organizacoes/2020/07/02/atletico-go-2020-65.png,ata
51483,Luan Polli,1361,Atlético-GO,88916.0,Luan Polli Gomes,Luan Polli,https://s.glbimg.com/es/sde/f/2022/03/03/2e38d3f9f2daa6056eed8d12909a007a_140x140.png,Atlético-GO,https://s.glbimg.com/es/sde/f/organizacoes/2020/07/02/atletico-go-2020-65.png,gol
42737,Wellington Rato,1361,Atlético-GO,82766.0,Wellington Soares da Silva,Wellington Rato,https://s.glbimg.com/es/sde/f/2022/03/03/f1c021275405991e817f4277af535a6a_140x140.png,Atlético-GO,https://s.glbimg.com/es/sde/f/organizacoes/2020/07/02/atletico-go-2020-65.png,mei
61424,Shaylon,1361,Atlético-GO,97520.0,Shaylon Kallyson Cardoso,Shaylon,https://s.glbimg.com/es/sde/f/2022/03/03/613cc4607b07db0edb4d019f37550ecc_140x140.png,Atlético-GO,https://s.glbimg.com/es/sde/f/organizacoes/2020/07/02/atletico-go-2020-65.png,mei
62017,Baralhas,1361,Atlético-GO,99440.0,Gabriel Baralhas dos Santos,Baralhas,https://s.glbimg.com/es/sde/f/2022/03/03/23016221adbd611a74993ecdc84843f5_140x140.png,Atlético-GO,https://s.glbimg.com/es/sde/f/organizacoes/2020/07/02/atletico-go-2020-65.png,mei
24688,Jorginho,1361,Atlético-GO,77544.0,Jorge de Moura Xavier,Jorginho,https://s.glbimg.com/es/sde/f/2022/03/03/5e1a8b5625036eb3729fbae6272ea055_140x140.png,Atlético-GO,https://s.glbimg.com/es/sde/f/organizacoes/2020/07/02/atletico-go-2020-65.png,mei
20495,Churín,1361,Atlético-GO,98289.0,Diego Churín Puyo,Churín,https://s.glbimg.com/es/sde/f/2022/04/07/9a194b1a94b42ab9128ae5de58f877b1_140x140.png,Atlético-GO,https://s.glbimg.com/es/sde/f/organizacoes/2020/07/02/atletico-go-2020-65.png,ata
65284,Rickson,1361,Atlético-GO,100002.0,Rickson Barbosa Sá da Conceição,Rickson,https://s.glbimg.com/es/sde/f/2022/03/03/f82aadebc694039fa82daf954411c4cb_140x140.png,Atlético-GO,https://s.glbimg.com/es/sde/f/organizacoes/2020/07/02/atletico-go-2020-65.png,mei
56863,Hayner,1361,Atlético-GO,91856.0,Hayner Willian Monjardim Cordeiro,Hayner,https://s.glbimg.com/es/sde/f/2022/04/07/f21175e4f1cb1c9ccf3df6db10da1c56_140x140.png,Atlético-GO,https://s.glbimg.com/es/sde/f/organizacoes/2020/07/02/atletico-go-2020-65.png,lat
66174,Allan,1009,Atlético-MG,96652.0,Allan Rodrigues de Souza,Allan,https://s.glbimg.com/es/sde/f/2021/05/02/171f1af3a958ad9639f2d72e0825ec35_140x140.png,Atlético-MG,https://s.glbimg.com/es/sde/f/organizacoes/2017/11/23/Atletico-Mineiro-escudo65px.png,mei
22061,Eduardo Sasha,1009,Atlético-MG,70360.0,Eduardo Colcenti Antunes,Eduardo Sasha,https://s.glbimg.com/es/sde/f/2021/04/23/c4219f6ceb958aef5f871e8ecf08b6a5_140x140.png,Atlético-MG,https://s.glbimg.com/es/sde/f/organizacoes/2017/11/23/Atletico-Mineiro-escudo65px.png,ata
50816,Guilherme Arana,1009,Atlético-MG,87228.0,Guilherme Antonio Arana Lopes,Guilherme Arana,https://s.glbimg.com/es/sde/f/2021/05/02/282a160d63e94aaad12311a7c3bbf3f0_140x140.png,Atlético-MG,https://s.glbimg.com/es/sde/f/organizacoes/2017/11/23/Atletico-Mineiro-escudo65px.png,lat
52183,Otávio,1009,Atlético-MG,82463.0,Otávio Henrique Passos Santos,Otávio,https://s.glbimg.com/es/sde/f/2022/02/27/4408faa1939fc9ce996ca6db75e58e52_140x140.png,Atlético-MG,https://s.glbimg.com/es/sde/f/organizacoes/2017/11/23/Atletico-Mineiro-escudo65px.png,mei
72610,Ademir,1009,Atlético-MG,101314.0,Ademir da Silva Santos Júnior,Ademir,https://s.glbimg.com/es/sde/f/2022/02/27/c71d07a4846b5840e9811ed9add0a53c_140x140.png,Atlético-MG,https://s.glbimg.com/es/sde/f/organizacoes/2017/11/23/Atletico-Mineiro-escudo65px.png,ata
45475,Keno,1009,Atlético-MG,86485.0,Marcos da Silva França,Keno,https://s.glbimg.com/es/sde/f/2021/05/02/cc190959ce99d1236ff0a230132fb245_140x140.png,Atlético-MG,https://s.glbimg.com/es/sde/f/organizacoes/2017/11/23/Atletico-Mineiro-escudo65px.png,ata
72372,Guga,1009,Atlético-MG,101319.0,Cláudio Rodrigues Gomes,Guga,https://s.glbimg.com/es/sde/f/2021/05/02/55272cc689e229f13d6488aa7b33406f_140x140.png,Atlético-MG,https://s.glbimg.com/es/sde/f/organizacoes/2017/11/23/Atletico-Mineiro-escudo65px.png,lat
52406,Nathan Silva,1009,Atlético-MG,95794.0,Nathanael Ananias da Silva,Nathan Silva,https://s.glbimg.com/es/sde/f/2021/07/09/f485b236f55b942d9ffa6588b0d47e8f_140x140.png,Atlético-MG,https://s.glbimg.com/es/sde/f/organizacoes/2017/11/23/Atletico-Mineiro-escudo65px.png,zag
28907,Hulk,1009,Atlético-MG,39148.0,Givanildo Vieira de Souza,Hulk,https://s.glbimg.com/es/sde/f/2021/04/23/d9ed7fa34aa12e4ce8768c9c2a2b4560_140x140.png,Atlético-MG,https://s.glbimg.com/es/sde/f/organizacoes/2017/11/23/Atletico-Mineiro-escudo65px.png,ata
29029,Everson,1009,Atlético-MG,72294.0,Everson Felipe Marques Pires,Everson,https://s.glbimg.com/es/sde/f/2021/05/02/2eff4cdfd58d4f859979ef83bbe1ad06_140x140.png,Atlético-MG,https://s.glbimg.com/es/sde/f/organizacoes/2017/11/23/Atletico-Mineiro-escudo65px.png,gol
51209,Jair,1009,Atlético-MG,81091.0,Jair Rodrigues Júnior,Jair,https://s.glbimg.com/es/sde/f/2021/05/02/9f45c3d8021bc336ee9149455cd40768_140x140.png,Atlético-MG,https://s.glbimg.com/es/sde/f/organizacoes/2017/11/23/Atletico-Mineiro-escudo65px.png,mei
16871,Savarino,1009,Atlético-MG,98672.0,Jefferson David Savarino Quintero,Savarino,https://s.glbimg.com/es/sde/f/2021/05/02/d3e7e7202b89ee25b82020db1b85b35e_140x140.png,Atlético-MG,https://s.glbimg.com/es/sde/f/organizacoes/2017/11/23/Atletico-Mineiro-escudo65px.png,ata
10433,Muriqui,1256,Avaí,38225.0,Luiz Guilherme da Conceição Silva,Muriqui,https://s.glbimg.com/es/sde/f/2022/02/24/4df18fe9d1a25d570f6c5f99adc76327_140x140.png,Avaí,https://s.glbimg.com/es/sde/f/organizacoes/2018/09/04/escudo-avai-65x65.png,ata
64659,Raniele,1256,Avaí,95556.0,Raniele Almeida Melo,Raniele,https://s.glbimg.com/es/sde/f/2022/02/24/141b440d404a99f92d79a5e2f9d83c83_140x140.png,Avaí,https://s.glbimg.com/es/sde/f/organizacoes/2018/09/04/escudo-avai-65x65.png,mei
28885,Bressan,1256,Avaí,72491.0,Matheus Simonete Bressanelli,Bressan,https://s.glbimg.com/es/sde/f/2022/03/08/0759780a94f5359aefe723b749494c0b_140x140.png,Avaí,https://s.glbimg.com/es/sde/f/organizacoes/2018/09/04/escudo-avai-65x65.png,zag
81126,Arthur Chaves,1256,Avaí,111412.0,Arthur Largura Chaves,Arthur Chaves,https://s.glbimg.com/es/sde/f/2022/02/21/6102697e6547301f26bd68d36caacf40_140x140.png,Avaí,https://s.glbimg.com/es/sde/f/organizacoes/2018/09/04/escudo-avai-65x65.png,zag
43513,Morato,1256,Avaí,86227.0,Andrew Erik Feitosa,Morato,https://s.glbimg.com/es/sde/f/2022/02/24/ee2dbbc844a7911e1c875b38e698c974_140x140.png,Avaí,https://s.glbimg.com/es/sde/f/organizacoes/2018/09/04/escudo-avai-65x65.png,ata
35311,Bruno Cortez,1256,Avaí,72079.0,Bruno Cortês Barbosa,Bruno Cortez,https://s.glbimg.com/es/sde/f/2022/02/23/da8da8af4eaf5969bda304828d27ac27_140x140.png,Avaí,https://s.glbimg.com/es/sde/f/organizacoes/2018/09/04/escudo-avai-65x65.png,lat
43577,Vinícius Leite,1256,Avaí,93646.0,Vinícius Leite Silva,Vinícius Leite,https://s.glbimg.com/es/sde/f/2022/02/24/66cd59f9bbf0f80e5f8c20bf587e3daf_140x140.png,Avaí,https://s.glbimg.com/es/sde/f/organizacoes/2018/09/04/escudo-avai-65x65.png,mei
20707,Bruno Silva,1256,Avaí,68698.0,Bruno César Pereira da Silva,Bruno Silva,https://s.glbimg.com/es/sde/f/2022/02/23/7c8012647193d72e2db7ad4e887df99f_140x140.png,Avaí,https://s.glbimg.com/es/sde/f/organizacoes/2018/09/04/escudo-avai-65x65.png,mei
37167,Douglas Friedrich,1256,Avaí,78584.0,Douglas Alan Schuck Friedrich,Douglas Friedrich,https://s.glbimg.com/es/sde/f/2022/02/21/7b6f0fbda2d34c444987ce7f2b8cc649_140x140.png,Avaí,https://s.glbimg.com/es/sde/f/organizacoes/2018/09/04/escudo-avai-65x65.png,gol
91581,Dentinho,1256,Avaí,115806.0,Lucas Batista Félix,Dentinho,https://s.glbimg.com/es/sde/f/2022/04/06/6387892e2b5f72962c08bb7ea920a712_140x140.png,Avaí,https://s.glbimg.com/es/sde/f/organizacoes/2018/09/04/escudo-avai-65x65.png,ata
58223,Eduardo,1256,Avaí,91688.0,Eduardo Jacinto de Biasi,Eduardo,https://s.glbimg.com/es/sde/f/2022/02/23/858c6708a8a4e0b1858d4429bdf68d77_140x140.png,Avaí,https://s.glbimg.com/es/sde/f/organizacoes/2018/09/04/escudo-avai-65x65.png,mei
33828,Jean Cléber,1256,Avaí,73858.0,Jean Cléber Santos da Silva,Jean Cléber,https://s.glbimg.com/es/sde/f/2022/02/23/30faa9be7f17fe35cfe84852c646b4c0_140x140.png,Avaí,https://s.glbimg.com/es/sde/f/organizacoes/2018/09/04/escudo-avai-65x65.png,mei
80549,Patrick de Paula,1003,Botafogo,107172.0,Patrick de Paula Carreiro,Patrick de Paula,https://s.glbimg.com/es/sde/f/2022/04/05/8c35d4213e4e54056fa8d79421ac1e23_140x140.png,Botafogo,https://s.glbimg.com/es/sde/f/organizacoes/2019/02/04/botafogo-65.png,mei
65269,Kanu,1003,Botafogo,98484.0,Victor Hugo Soares dos Santos,Kanu,https://s.glbimg.com/es/sde/f/2022/02/21/b1d2b6ae7d7c80be4768237f4820792b_140x140.png,Botafogo,https://s.glbimg.com/es/sde/f/organizacoes/2019/02/04/botafogo-65.png,zag
82356,Erison,1003,Botafogo,108422.0,Erison Danilo de Souza,Erison,https://s.glbimg.com/es/sde/f/2022/02/21/abf055dfab291f251335494fc009a2c0_140x140.png,Botafogo,https://s.glbimg.com/es/sde/f/organizacoes/2019/02/04/botafogo-65.png,ata
79102,Victor Sá,1003,Botafogo,108946.0,João Victor Santos Sá,Victor Sá,https://s.glbimg.com/es/sde/f/2022/03/26/8c102c9688490530dace27161b1abf3e_140x140.png,Botafogo,https://s.glbimg.com/es/sde/f/organizacoes/2019/02/04/botafogo-65.png,ata
14684,Lucas Piazon,1003,Botafogo,74084.0,Gustavo Lucas Domingues Piazón,Lucas Piazon,https://s.glbimg.com/es/sde/f/2022/03/10/444cdcb13fd4a94042b454cbf58b95fb_140x140.png,Botafogo,https://s.glbimg.com/es/sde/f/organizacoes/2019/02/04/botafogo-65.png,mei
73159,Jonathan Silva,1003,Botafogo,102597.0,Jonathan Silva Vieira,Jonathan Silva,https://s.glbimg.com/es/sde/f/2022/02/21/6e4a3c5ef09ca42e9212c2aabf9392ed_140x140.png,Botafogo,https://s.glbimg.com/es/sde/f/organizacoes/2019/02/04/botafogo-65.png,lat
50745,Philipe Sampaio,1003,Botafogo,87808.0,Philipe Sampaio Azevedo,Philipe Sampaio,https://s.glbimg.com/es/sde/f/2022/03/10/0b9c95c7f9a5612681798da7797e3cec_140x140.png,Botafogo,https://s.glbimg.com/es/sde/f/organizacoes/2019/02/04/botafogo-65.png,zag
16977,Gatito Fernández,1003,Botafogo,74061.0,Roberto Junior Fernández Torres,Gatito Fernández,https://s.glbimg.com/es/sde/f/2022/02/21/26f8f1373737a7203417427043ada896_140x140.png,Botafogo,https://s.glbimg.com/es/sde/f/organizacoes/2019/02/04/botafogo-65.png,gol
48380,Saravia,1003,Botafogo,96725.0,Renzo Saravia,Saravia,https://s.glbimg.com/es/sde/f/2022/03/15/fe7e3baf028e564db9023bc25ef5ec34_140x140.png,Botafogo,https://s.glbimg.com/es/sde/f/organizacoes/2019/02/04/botafogo-65.png,lat
70348,Luís Oyama,1003,Botafogo,97908.0,Luís Felipe Oyama,Luís Oyama,https://s.glbimg.com/es/sde/f/2022/03/25/268b1a146aebc4fb25bbcc38654f08b0_140x140.png,Botafogo,https://s.glbimg.com/es/sde/f/organizacoes/2019/02/04/botafogo-65.png,mei
80803,Chay,1003,Botafogo,104926.0,Chayene Medeiros Oliveira,Chay,https://s.glbimg.com/es/sde/f/2022/02/21/77dcd57801fc7bf714629cf2a521ad76_140x140.png,Botafogo,https://s.glbimg.com/es/sde/f/organizacoes/2019/02/04/botafogo-65.png,mei
81524,Romildo,1003,Botafogo,107972.0,Romildo Del Piage de Souza,Romildo,https://s.glbimg.com/es/sde/f/2022/02/21/a34959446ac5b131b7047f846855f309_140x140.png,Botafogo,https://s.glbimg.com/es/sde/f/organizacoes/2019/02/04/botafogo-65.png,mei
80920,Daniel Borges,1003,Botafogo,73318.0,Daniel Fortunato Borges,Daniel Borges,https://s.glbimg.com/es/sde/f/2022/02/21/ce4af8aee58d0eef52f479ced5508ab5_140x140.png,Botafogo,https://s.glbimg.com/es/sde/f/organizacoes/2019/02/04/botafogo-65.png,lat
84182,Matheus Nascimento,1003,Botafogo,109114.0,Matheus Nascimento de Paula,Matheus Nascimento,https://s.glbimg.com/es/sde/f/2022/02/21/e418df52ba2f53e2edcd3d07b685533c_140x140.png,Botafogo,https://s.glbimg.com/es/sde/f/organizacoes/2019/02/04/botafogo-65.png,ata
56368,Diego Gonçalves,1003,Botafogo,90540.0,Diego Gonçalves,Diego Gonçalves,https://s.glbimg.com/es/sde/f/2022/02/21/9f275ce14e02c8b8be4c38953dda7e07_140x140.png,Botafogo,https://s.glbimg.com/es/sde/f/organizacoes/2019/02/04/botafogo-65.png,ata
74268,Matheus Alexandre,1008,Coritiba,103347.0,Matheus Alexandre Anastácio de Souza,Matheus Alexandre,https://s.glbimg.com/es/sde/f/2022/02/23/f37a5a9aa16b6e174f7e05e22b7a1b62_140x140.png,Coritiba,https://s.glbimg.com/es/sde/f/organizacoes/2017/03/29/coritiba65.png,lat
32924,Léo Gamalho,1008,Coritiba,53865.0,Leonardo Gamalho de Souza,Léo Gamalho,https://s.glbimg.com/es/sde/f/2022/02/23/4b8edf6d0d6b8c3a3c39de67b5bd75e1_140x140.png,Coritiba,https://s.glbimg.com/es/sde/f/organizacoes/2017/03/29/coritiba65.png,ata
61856,Andrey,1008,Coritiba,93787.0,Andrey Ramos do Nascimento,Andrey,https://s.glbimg.com/es/sde/f/2022/02/23/6343710eb5f742ccc9f90d015c3c6a8b_140x140.png,Coritiba,https://s.glbimg.com/es/sde/f/organizacoes/2017/03/29/coritiba65.png,mei
42340,Warley,1008,Coritiba,104646.0,Warley Leandro da Silva,Warley,https://s.glbimg.com/es/sde/f/2022/03/14/b7d98e233737934792b2f3eb22d9865e_140x140.png,Coritiba,https://s.glbimg.com/es/sde/f/organizacoes/2017/03/29/coritiba65.png,lat
63456,Alef Manga,1008,Coritiba,101254.0,Alef Mangueira Severino Pereira,Alef Manga,https://s.glbimg.com/es/sde/f/2022/02/23/2f591fe9297201b345f8815815be56ef_140x140.png,Coritiba,https://s.glbimg.com/es/sde/f/organizacoes/2017/03/29/coritiba65.png,ata
25392,Henrique,1008,Coritiba,50856.0,Henrique Adriano Buss,Henrique,https://s.glbimg.com/es/sde/f/2022/02/23/cb5893cb9455c5aab2d21fd3f512ece2_140x140.png,Coritiba,https://s.glbimg.com/es/sde/f/organizacoes/2017/03/29/coritiba65.png,zag
11814,Egídio,1008,Coritiba,42145.0,Egídio de Araújo Pereira Júnior,Egídio,https://s.glbimg.com/es/sde/f/2022/02/23/c73f6de76388d7abc83e4fe10be2059a_140x140.png,Coritiba,https://s.glbimg.com/es/sde/f/organizacoes/2017/03/29/coritiba65.png,lat
75268,Igor Paixão,1008,Coritiba,104530.0,Igor Guilherme Barbosa da Paixão,Igor Paixão,https://s.glbimg.com/es/sde/f/2022/02/23/65a987228916ce13345ffe12d4846cff_140x140.png,Coritiba,https://s.glbimg.com/es/sde/f/organizacoes/2017/03/29/coritiba65.png,ata
37124,Alex Muralha,1008,Coritiba,79066.0,Alex Roberto Santana Rafael ,Alex Muralha,https://s.glbimg.com/es/sde/f/2022/02/23/3f0e981ffc927c2f022666463cdf45ed_140x140.png,Coritiba,https://s.glbimg.com/es/sde/f/organizacoes/2017/03/29/coritiba65.png,gol
23074,Willian Farias,1008,Coritiba,63058.0,Willian Roberto Farias,Willian Farias,https://s.glbimg.com/es/sde/f/2022/02/23/3b24fb4ac7b26a6349acb31a2578de4c_140x140.png,Coritiba,https://s.glbimg.com/es/sde/f/organizacoes/2017/03/29/coritiba65.png,mei
66456,Thonny Anderson,1008,Coritiba,101484.0,Thonny Anderson da Silva Carvalho,Thonny Anderson,https://s.glbimg.com/es/sde/f/2022/02/23/aeb4c66a481ba3a88847f5c30bbf5d53_140x140.png,Coritiba,https://s.glbimg.com/es/sde/f/organizacoes/2017/03/29/coritiba65.png,mei
42158,Régis,1008,Coritiba,82647.0,Régis Augusto Salmazzo,Régis,https://s.glbimg.com/es/sde/f/2022/02/23/c47fcbc612efa64ebc997eda805f11e5_140x140.png,Coritiba,https://s.glbimg.com/es/sde/f/organizacoes/2017/03/29/coritiba65.png,mei
61875,Val,1008,Coritiba,98306.0,Valdemir de Oliveira Soares,Val,https://s.glbimg.com/es/sde/f/2022/02/23/55b00d4d936fd275a647c473479fa8d6_140x140.png,Coritiba,https://s.glbimg.com/es/sde/f/organizacoes/2017/03/29/coritiba65.png,mei
14326,Cano,1006,Fluminense,79631.0,Germán Ezequiel Cano,Cano,https://s.glbimg.com/es/sde/f/2022/02/24/ebd67d14776321547687f37e46153d21_140x140.png,Fluminense,https://s.glbimg.com/es/sde/f/organizacoes/2014/04/14/fluminense_60x60.png,ata
15553,David Braz,1006,Fluminense,50317.0,David Braz de Oliveira Filho,David Braz,https://s.glbimg.com/es/sde/f/2021/08/19/32341d7b86eabffdedca59aeb3f823ba_140x140.png,Fluminense,https://s.glbimg.com/es/sde/f/organizacoes/2014/04/14/fluminense_60x60.png,zag
21403,Manoel,1006,Fluminense,69014.0,Manoel Messias Silva Carvalho,Manoel,https://s.glbimg.com/es/sde/f/2021/08/19/3df58560f1422aea6abb6f0864a5c69d_140x140.png,Fluminense,https://s.glbimg.com/es/sde/f/organizacoes/2014/04/14/fluminense_60x60.png,zag
73738,Nathan,1006,Fluminense,87009.0,Nathan Allan de Souza,Nathan,https://s.glbimg.com/es/sde/f/2022/02/24/5b24dcfd0bacc2f53b4b9499b289f22f_140x140.png,Fluminense,https://s.glbimg.com/es/sde/f/organizacoes/2014/04/14/fluminense_60x60.png,mei
77486,Calegari,1006,Fluminense,104276.0,Lucas Felipe Calegari,Calegari,https://s.glbimg.com/es/sde/f/2021/08/19/b663d44a41eb348f73ebd477e907a8bc_140x140.png,Fluminense,https://s.glbimg.com/es/sde/f/organizacoes/2014/04/14/fluminense_60x60.png,lat
55166,Nino,1006,Fluminense,91708.0,Marcílio Florêncio Mota Filho,Nino,https://s.glbimg.com/es/sde/f/2021/08/19/015b905d655d90af1c6161f318175dee_140x140.png,Fluminense,https://s.glbimg.com/es/sde/f/organizacoes/2014/04/14/fluminense_60x60.png,zag
46519,Yago Felipe,1006,Fluminense,87747.0,Yago Felipe da Costa Rocha,Yago Felipe,https://s.glbimg.com/es/sde/f/2021/08/19/2b441a5ae5e2c5a70dff58e79500c7ab_140x140.png,Fluminense,https://s.glbimg.com/es/sde/f/organizacoes/2014/04/14/fluminense_60x60.png,mei
10465,Fábio,1006,Fluminense,37656.0,Fábio Deivson Lopes Maciel,Fábio,https://s.glbimg.com/es/sde/f/2022/02/24/56c904be5b9993c05440bdcacbc5a608_140x140.png,Fluminense,https://s.glbimg.com/es/sde/f/organizacoes/2014/04/14/fluminense_60x60.png,gol
13180,Willian,1006,Fluminense,42116.0,Willian Gomes de Siqueira,Willian,https://s.glbimg.com/es/sde/f/2022/02/24/79c62366edb8a36ed104c73a2f413a3e_140x140.png,Fluminense,https://s.glbimg.com/es/sde/f/organizacoes/2014/04/14/fluminense_60x60.png,ata
22746,Fred,1006,Fluminense,38162.0,Frederico Chaves Guedes,Fred,https://s.glbimg.com/es/sde/f/2021/08/19/c945ae80ae611c6862eef1fc338ddba6_140x140.png,Fluminense,https://s.glbimg.com/es/sde/f/organizacoes/2014/04/14/fluminense_60x60.png,ata
33921,Luccas Claro,1006,Fluminense,73465.0,Luccas Claro dos Santos,Luccas Claro,https://s.glbimg.com/es/sde/f/2021/08/19/8c50341650843ddc5390dc6070c687ef_140x140.png,Fluminense,https://s.glbimg.com/es/sde/f/organizacoes/2014/04/14/fluminense_60x60.png,zag
55927,Nonato,1006,Fluminense,100987.0,Gustavo Nonato Santana,Nonato,https://s.glbimg.com/es/sde/f/2021/07/30/7536d1f5782d6ce621dfd8aa405d0e28_140x140.png,Fluminense,https://s.glbimg.com/es/sde/f/organizacoes/2014/04/14/fluminense_60x60.png,mei
74985,Luiz Henrique,1006,Fluminense,109282.0,Luiz Henrique André Rosa da Silva,Luiz Henrique,https://s.glbimg.com/es/sde/f/2021/08/19/131f19bc697057f38a3c8ec99c785a97_140x140.png,Fluminense,https://s.glbimg.com/es/sde/f/organizacoes/2014/04/14/fluminense_60x60.png,ata
86306,Titi,1024,Fortaleza,50353.0,Christian Chagas Tarouco,Titi,https://s.glbimg.com/es/sde/f/2022/02/25/5050c64ba68bdb4ca40033690ae7c525_140x140.png,Fortaleza,https://s.glbimg.com/es/sde/f/organizacoes/2021/09/19/65_0000_Fortaleza-2021.png,zag
42381,Tinga,1024,Fortaleza,82628.0,Guilherme de Jesus da Silva,Tinga,https://s.glbimg.com/es/sde/f/2022/02/25/5625a3af4c995f2795c36c880eaf1e9d_140x140.png,Fortaleza,https://s.glbimg.com/es/sde/f/organizacoes/2021/09/19/65_0000_Fortaleza-2021.png,lat
58169,Felipe,1024,Fortaleza,91733.0,Luiz Antonio Ferreira Rodrigues,Felipe,https://s.glbimg.com/es/sde/f/2022/02/25/a8b962d2aca19bf9d892471bebd26383_140x140.png,Fortaleza,https://s.glbimg.com/es/sde/f/organizacoes/2021/09/19/65_0000_Fortaleza-2021.png,mei
51733,Matheus Vargas,1024,Fortaleza,87929.0,Matheus de Vargas,Matheus Vargas,https://s.glbimg.com/es/sde/f/2022/02/25/3a58ec3c5319ac4e86e915da024b3fb4_140x140.png,Fortaleza,https://s.glbimg.com/es/sde/f/organizacoes/2021/09/19/65_0000_Fortaleza-2021.png,mei
37024,Lucas Crispim,1024,Fortaleza,88597.0,Lucas de Figueiredo Crispim,Lucas Crispim,https://s.glbimg.com/es/sde/f/2022/02/25/8611f7483561d1d163cd27198e0336b9_140x140.png,Fortaleza,https://s.glbimg.com/es/sde/f/organizacoes/2021/09/19/65_0000_Fortaleza-2021.png,mei
46648,Romarinho,1024,Fortaleza,84523.0,José Romário Silva de Souza,Romarinho,https://s.glbimg.com/es/sde/f/2022/02/25/e50884279ab1ac610314ad6e57a9060d_140x140.png,Fortaleza,https://s.glbimg.com/es/sde/f/organizacoes/2021/09/19/65_0000_Fortaleza-2021.png,ata
58252,Matheus Jussa,1024,Fortaleza,91689.0,Matheus Isaías dos Santos,Matheus Jussa,https://s.glbimg.com/es/sde/f/2022/02/25/de27620175420ac01063981479ba898c_140x140.png,Fortaleza,https://s.glbimg.com/es/sde/f/organizacoes/2021/09/19/65_0000_Fortaleza-2021.png,mei
80703,Vitor Ricardo,1024,Fortaleza,107226.0,Vitor Ricardo Guerra Candido Wach,Vitor Ricardo,https://s.glbimg.com/es/sde/f/2022/02/25/f9c34555359e8b47ae00538231aa5bf8_140x140.png,Fortaleza,https://s.glbimg.com/es/sde/f/organizacoes/2021/09/19/65_0000_Fortaleza-2021.png,lat
58163,Max Walef,1024,Fortaleza,84338.0,Max Walef Araújo da Silva,Max Walef,https://s.glbimg.com/es/sde/f/2022/02/23/0784484c9e35ebc5b014f365b5cbb5cc_140x140.png,Fortaleza,https://s.glbimg.com/es/sde/f/organizacoes/2021/09/19/65_0000_Fortaleza-2021.png,gol
89816,Hércules,1024,Fortaleza,116447.0,Hércules Pereira do Nascimento,Hércules,https://s.glbimg.com/es/sde/f/2022/02/25/81f4c0990a69b56d3b74ca6d35292db9_140x140.png,Fortaleza,https://s.glbimg.com/es/sde/f/organizacoes/2021/09/19/65_0000_Fortaleza-2021.png,mei
80796,Moisés,1024,Fortaleza,104666.0,Moisés Vieira da Veiga,Moisés,https://s.glbimg.com/es/sde/f/2022/02/25/d70cbac7a2764d91733f288c09e9f357_140x140.png,Fortaleza,https://s.glbimg.com/es/sde/f/organizacoes/2021/09/19/65_0000_Fortaleza-2021.png,ata
38008,Silvio Romero,1024,Fortaleza,79188.0,Silvio Ezequiel Romero,Silvio Romero,https://s.glbimg.com/es/sde/f/2022/02/25/ee2dcd6bf6249a62f5e1264349344cee_140x140.png,Fortaleza,https://s.glbimg.com/es/sde/f/organizacoes/2021/09/19/65_0000_Fortaleza-2021.png,ata
55722,Renato Kayzer,1024,Fortaleza,92696.0,Renato Kayzer de Souza,Renato Kayzer,https://s.glbimg.com/es/sde/f/2022/03/14/1762ead21a07e74fc6d5cb102d3b6430_FORMATO.jpeg_140x140.png,Fortaleza,https://s.glbimg.com/es/sde/f/organizacoes/2021/09/19/65_0000_Fortaleza-2021.png,ata
56928,Rodrigo Soares,1019,Juventude,86675.0,Rodrigo Alves Soares,Rodrigo Soares,https://s.glbimg.com/es/sde/f/2022/03/03/9c3587675488eeeb0991d8754b8cee2b_140x140.png,Juventude,https://s.glbimg.com/es/sde/f/organizacoes/2021/04/29/juventude65.png,lat
42656,Chico,1019,Juventude,82407.0,Francisco Hyun Sol Kim,Chico,https://s.glbimg.com/es/sde/f/2022/03/03/bf75c9042be591192c025ebc1a87b001_140x140.png,Juventude,https://s.glbimg.com/es/sde/f/organizacoes/2021/04/29/juventude65.png,mei
42727,Rafael Forster,1019,Juventude,82764.0,Rafael Forster,Rafael Forster,https://s.glbimg.com/es/sde/f/2022/03/03/1a3eff81c014dfeadd31543510923abd_140x140.png,Juventude,https://s.glbimg.com/es/sde/f/organizacoes/2021/04/29/juventude65.png,zag
39306,Paulinho Moccelin,1019,Juventude,82640.0,Paulo Roberto Moccelin,Paulinho Moccelin,https://s.glbimg.com/es/sde/f/2022/03/28/14a09169dc180c16b6d92687a244b03f_140x140.png,Juventude,https://s.glbimg.com/es/sde/f/organizacoes/2021/04/29/juventude65.png,ata
56445,Yuri Lima,1019,Juventude,90569.0,Yuri Oliveira Lima,Yuri Lima,https://s.glbimg.com/es/sde/f/2022/03/18/fd7d4f0e5e6c5b59c85b542484321ecd_140x140.png,Juventude,https://s.glbimg.com/es/sde/f/organizacoes/2021/04/29/juventude65.png,mei
26917,Ricardo Bueno,1019,Juventude,69141.0,Ricardo Bueno da Silva,Ricardo Bueno,https://s.glbimg.com/es/sde/f/2022/03/03/5a5fd135b7af74db9adec269ad234d5b_140x140.png,Juventude,https://s.glbimg.com/es/sde/f/organizacoes/2021/04/29/juventude65.png,ata
52418,Capixaba,1019,Juventude,94894.0,João Victor da Vitória Fernandes,Capixaba,https://s.glbimg.com/es/sde/f/2022/03/03/9bdded7e0046ad8500605256f741994b_140x140.png,Juventude,https://s.glbimg.com/es/sde/f/organizacoes/2021/04/29/juventude65.png,ata
21387,Paulo Miranda,1019,Juventude,68817.0,Jonathan Doin,Paulo Miranda,https://s.glbimg.com/es/sde/f/2022/03/03/84da02cce1e593cb658cfcf2deef669d_140x140.png,Juventude,https://s.glbimg.com/es/sde/f/organizacoes/2021/04/29/juventude65.png,zag
67079,Busanello,1019,Juventude,97537.0,Gabriel Dal Toé Busanello,Busanello,https://s.glbimg.com/es/sde/f/2022/03/19/9a30d49720fb53d5ad43eef3f82e8dc2_140x140.png,Juventude,https://s.glbimg.com/es/sde/f/organizacoes/2021/04/29/juventude65.png,lat
67041,César,1019,Juventude,91422.0,César Augusto Soares dos Reis Ribela,César,https://s.glbimg.com/es/sde/f/2022/03/03/d97731002381ac352b29527a634d6783_140x140.png,Juventude,https://s.glbimg.com/es/sde/f/organizacoes/2021/04/29/juventude65.png,gol
39081,Edinho,1019,Juventude,80193.0,Francisco Edson Moreira da Silva,Edinho,https://s.glbimg.com/es/sde/f/2022/04/04/7be5a82aee84c2e49f3f8260766fd19d_140x140.png,Juventude,https://s.glbimg.com/es/sde/f/organizacoes/2021/04/29/juventude65.png,ata
66293,Thalisson Kelven,1019,Juventude,97448.0,Thalisson Kelven da Silva,Thalisson Kelven,https://s.glbimg.com/es/sde/f/2022/03/24/5003d976abc2848d0ded5ed466986ba3_140x140.png,Juventude,https://s.glbimg.com/es/sde/f/organizacoes/2021/04/29/juventude65.png,zag
39038,Zé Rafael,1012,Palmeiras,82455.0,José Rafael Vivian,Zé Rafael,https://s.glbimg.com/es/sde/f/2022/02/21/a9bb4a6cb2ff8e2f533bf41f37dd93dc_140x140.png,Palmeiras,https://s.glbimg.com/es/sde/f/organizacoes/2014/04/14/palmeiras_60x60.png,mei
56954,Raphael Veiga,1012,Palmeiras,94509.0,Raphael Cavalcante Veiga,Raphael Veiga,https://s.glbimg.com/es/sde/f/2022/02/21/edbc22b64b00c1cd70870abf8d429ffd_140x140.png,Palmeiras,https://s.glbimg.com/es/sde/f/organizacoes/2014/04/14/palmeiras_60x60.png,mei
20232,Dudu,1012,Palmeiras,68920.0,Eduardo Pereira Rodrigues,Dudu,https://s.glbimg.com/es/sde/f/2022/02/21/f77c90a60a3c8354d3235d1b61be9208_140x140.png,Palmeiras,https://s.glbimg.com/es/sde/f/organizacoes/2014/04/14/palmeiras_60x60.png,ata
18692,Weverton,1012,Palmeiras,71631.0,Weverton Pereira da Silva,Weverton,https://s.glbimg.com/es/sde/f/2022/02/21/b9adc602abc451c8b30c8554a18970f2_140x140.png,Palmeiras,https://s.glbimg.com/es/sde/f/organizacoes/2014/04/14/palmeiras_60x60.png,gol
16658,Rony,1012,Palmeiras,91607.0,Ronielson da Silva Barbosa,Rony,https://s.glbimg.com/es/sde/f/2022/02/21/a09a417ce482ea35a6c54e89437850d4_140x140.png,Palmeiras,https://s.glbimg.com/es/sde/f/organizacoes/2014/04/14/palmeiras_60x60.png,ata
61887,Murilo,1012,Palmeiras,97653.0,Murilo Cerqueira Paim,Murilo,https://s.glbimg.com/es/sde/f/2022/02/21/934e2aaafb55c35f6f83b91333b4f5b8_140x140.png,Palmeiras,https://s.glbimg.com/es/sde/f/organizacoes/2014/04/14/palmeiras_60x60.png,zag
50804,Gustavo Scarpa,1012,Palmeiras,87999.0,Gustavo Henrique Furtado Scarpa,Gustavo Scarpa,https://s.glbimg.com/es/sde/f/2022/02/21/7f4f870f8251e4f95ab6d372a22919c1_140x140.png,Palmeiras,https://s.glbimg.com/es/sde/f/organizacoes/2014/04/14/palmeiras_60x60.png,mei
10617,Marcos Rocha,1012,Palmeiras,63013.0,Marcos Luis Rocha Aquino,Marcos Rocha,https://s.glbimg.com/es/sde/f/2022/02/21/b5c3422a508001c1776995c43b20fdff_140x140.png,Palmeiras,https://s.glbimg.com/es/sde/f/organizacoes/2014/04/14/palmeiras_60x60.png,lat
43254,Gustavo Gómez,1012,Palmeiras,71684.0,Gustavo Raúl Gómez Portillo,Gustavo Gómez,https://s.glbimg.com/es/sde/f/2022/02/21/f210b8623194d0722dd0d76585950fb1_140x140.png,Palmeiras,https://s.glbimg.com/es/sde/f/organizacoes/2014/04/14/palmeiras_60x60.png,zag
80693,Danilo,1012,Palmeiras,107231.0,Danilo dos Santos de Oliveira,Danilo,https://s.glbimg.com/es/sde/f/2022/02/21/db630d6c2cb9309ad6f0f77ad6f1d408_140x140.png,Palmeiras,https://s.glbimg.com/es/sde/f/organizacoes/2014/04/14/palmeiras_60x60.png,mei
51941,Jorge,1012,Palmeiras,88065.0,Jorge Marco de Oliveira Moraes,Jorge,https://s.glbimg.com/es/sde/f/2022/02/21/93adceb828cf61a7789b7674fbd4e929_140x140.png,Palmeiras,https://s.glbimg.com/es/sde/f/organizacoes/2014/04/14/palmeiras_60x60.png,lat
34842,Mayke,1012,Palmeiras,81150.0,Mayke Rocha de Oliveira,Mayke,https://s.glbimg.com/es/sde/f/2022/02/21/7d200ca2902c8ec5643bc8975b770faf_140x140.png,Palmeiras,https://s.glbimg.com/es/sde/f/organizacoes/2014/04/14/palmeiras_60x60.png,lat
85989,Giovani,1012,Palmeiras,111759.0,Giovani Henrique Amorim da Silva,Giovani,https://s.glbimg.com/es/sde/f/2021/05/12/23eb0da8dd7617e2a4b7f8fcec2a625e_FORMATO.jpeg_140x140.png,Palmeiras,https://s.glbimg.com/es/sde/f/organizacoes/2014/04/14/palmeiras_60x60.png,ata
75281,Gabriel Veron,1012,Palmeiras,103764.0,Gabriel Veron Fonseca de Souza,Gabriel Veron,https://s.glbimg.com/es/sde/f/2022/02/21/a322d0e4be6bcead1440daebb01261cd_140x140.png,Palmeiras,https://s.glbimg.com/es/sde/f/organizacoes/2014/04/14/palmeiras_60x60.png,ata
77241,Rafael Navarro,1012,Palmeiras,105770.0,Rafael Navarro Leal,Rafael Navarro,https://s.glbimg.com/es/sde/f/2022/02/21/a950985f87c7053fb60a65298da85bc0_140x140.png,Palmeiras,https://s.glbimg.com/es/sde/f/organizacoes/2014/04/14/palmeiras_60x60.png,ata
87320,Pablo Maia,1007,São Paulo,113359.0,Pablo Gonçalves Maia Fortunato,Pablo Maia,https://s.glbimg.com/es/sde/f/2022/03/05/e91f0953fe782088f01eda528fd69b2f_140x140.png,São Paulo,https://s.glbimg.com/es/sde/f/organizacoes/2014/04/14/sao_paulo_60x60.png,mei
37715,Alisson,1007,São Paulo,81845.0,Alisson Euler de Freitas Castro,Alisson,https://s.glbimg.com/es/sde/f/2022/03/01/14ebdbca4e280cd9dfdb9b7e2148afe0_140x140.png,São Paulo,https://s.glbimg.com/es/sde/f/organizacoes/2014/04/14/sao_paulo_60x60.png,mei
50801,Léo,1007,São Paulo,85626.0,Leonardo Pinheiro da Conceição,Léo,https://s.glbimg.com/es/sde/f/2022/03/01/7be60e39236cf34421178ed1ea9b2145_140x140.png,São Paulo,https://s.glbimg.com/es/sde/f/organizacoes/2014/04/14/sao_paulo_60x60.png,zag
72472,Diego,1007,São Paulo,101728.0,Diego Henrique Costa Barbosa,Diego,https://s.glbimg.com/es/sde/f/2022/03/01/996cbc8d639a3e640cf55d5326393d6d_140x140.png,São Paulo,https://s.glbimg.com/es/sde/f/organizacoes/2014/04/14/sao_paulo_60x60.png,zag
10138,Rafinha,1007,São Paulo,38144.0,Márcio Rafael Ferreira de Souza,Rafinha,https://s.glbimg.com/es/sde/f/2022/03/01/de7df71bb9091a8547f8d8bd0212b549_140x140.png,São Paulo,https://s.glbimg.com/es/sde/f/organizacoes/2014/04/14/sao_paulo_60x60.png,lat
71324,Igor Gomes,1007,São Paulo,100084.0,Igor Silveira Gomes,Igor Gomes,https://s.glbimg.com/es/sde/f/2022/03/01/b6d68ea91db4955b888e119a851704eb_140x140.png,São Paulo,https://s.glbimg.com/es/sde/f/organizacoes/2014/04/14/sao_paulo_60x60.png,mei
56626,Jandrei,1007,São Paulo,86508.0,Jandrei Chitolina Carniel,Jandrei,https://s.glbimg.com/es/sde/f/2022/03/01/aea40f3f23e91096dde97a5b7a877640_140x140.png,São Paulo,https://s.glbimg.com/es/sde/f/organizacoes/2014/04/14/sao_paulo_60x60.png,gol
31933,Nikão,1007,São Paulo,69705.0,Maycon Vinícius Ferreira da Cruz,Nikão,https://s.glbimg.com/es/sde/f/2022/03/01/6a7ca5b138f4ff481ca19603933a7507_140x140.png,São Paulo,https://s.glbimg.com/es/sde/f/organizacoes/2014/04/14/sao_paulo_60x60.png,mei
71680,Toró,1007,São Paulo,101885.0,Jonas Gabriel da Silva Nunes,Toró,https://s.glbimg.com/es/sde/f/2022/03/01/5ae4b338eccde28dc4397a8e37cce503_140x140.png,São Paulo,https://s.glbimg.com/es/sde/f/organizacoes/2014/04/14/sao_paulo_60x60.png,ata
47503,Júnior Alonso,1009,Atlético-MG,88312.0,Junior Osmar Ignacio Alonso Mujica,Junior Alonso,https://s.glbimg.com/es/sde/f/2021/05/02/032f0f12e9d3ede51e80e7fe49b836da_140x140.png,Atlético-MG,https://s.glbimg.com/es/sde/f/organizacoes/2017/11/23/Atletico-Mineiro-escudo65px.png,zag
69665,Federico Zaracho,1009,Atlético-MG,100079.0,Federico Matías Javier Zaracho,Zaracho,https://s.glbimg.com/es/sde/f/2021/04/23/ccb1d73771f04699045f78f794f4481d_140x140.png,Atlético-MG,https://s.glbimg.com/es/sde/f/organizacoes/2017/11/23/Atletico-Mineiro-escudo65px.png,mei
31958,Eduardo Vargas,1009,Atlético-MG,69102.0,Eduardo Jesús Vargas Rojas,Vargas,https://s.glbimg.com/es/sde/f/2021/04/23/d29b68b56d66316606b2224987ab6846_140x140.png,Atlético-MG,https://s.glbimg.com/es/sde/f/organizacoes/2017/11/23/Atletico-Mineiro-escudo65px.png,ata
61895,Kevin,1256,Avaí,91888.0,Kevin Peterson dos Santos Silva,Kevin ,https://s.glbimg.com/es/sde/f/2022/04/07/32ffdd8867e2421dccfe5b1574d47bd4_140x140.png,Avaí,https://s.glbimg.com/es/sde/f/organizacoes/2018/09/04/escudo-avai-65x65.png,lat
35752,Jonathan Copete,1256,Avaí,77959.0,Jonathan Copete Valencia,Copete,https://s.glbimg.com/es/sde/f/2022/02/24/88bdb886000cb8d576b130048d59d687_140x140.png,Avaí,https://s.glbimg.com/es/sde/f/organizacoes/2018/09/04/escudo-avai-65x65.png,ata
65140,Guilherme Bissoli,1256,Avaí,100762.0,Guilherme Bissoli Campos,Bissoli,https://s.glbimg.com/es/sde/f/2022/04/08/c60eb6c17dd46f0a98ac8d236bddbbd7_140x140.png,Avaí,https://s.glbimg.com/es/sde/f/organizacoes/2018/09/04/escudo-avai-65x65.png,ata
80810,Hugo Neto,1003,Botafogo,109668.0,Hugo Gonçalves Ferreira Neto,Hugo,https://s.glbimg.com/es/sde/f/2022/02/21/55a04cd7d976a348bbe092c252b13d06_140x140.png,Botafogo,https://s.glbimg.com/es/sde/f/organizacoes/2019/02/04/botafogo-65.png,lat
27144,Luciano Castan,1008,Coritiba,68942.0,Luciano Castán da Silva,Luciano Castán,https://s.glbimg.com/es/sde/f/2022/02/23/26b6a7aa27f2be0fabc25b57132d892c_140x140.png,Coritiba,https://s.glbimg.com/es/sde/f/organizacoes/2017/03/29/coritiba65.png,zag
65542,Fabrício Daniel,1008,Coritiba,105171.0,Fabrício Daniel de Souza,Fabrício,https://s.glbimg.com/es/sde/f/2022/03/28/f0649db7ef628f37d591d13a7698494f_140x140.png,Coritiba,https://s.glbimg.com/es/sde/f/organizacoes/2017/03/29/coritiba65.png,ata
44176,Guillermo de los Santos,1008,Coritiba,87238.0,Guillermo Gabriel de los Santos Viana - Daniel,Guillermo Santos,https://s.glbimg.com/es/sde/f/2022/02/23/e40fd20b4f4e43234a7d5ac7d2107fc6_140x140.png,Coritiba,https://s.glbimg.com/es/sde/f/organizacoes/2017/03/29/coritiba65.png,zag
88911,Cristiano,1006,Fluminense,89668.0,Cristiano da Silva Leite ,Cris Silva,https://s.glbimg.com/es/sde/f/2022/02/24/8fb43cd4c4ebb6cd5ac890a7feafc838_140x140.png,Fluminense,https://s.glbimg.com/es/sde/f/organizacoes/2014/04/14/fluminense_60x60.png,lat
82459,Jhon Arias,1006,Fluminense,99815.0,Jhon Adolfo Arias Andrade,Arias,https://s.glbimg.com/es/sde/f/2021/08/31/0340c9e32a5914738d36712836b267bb_140x140.png,Fluminense,https://s.glbimg.com/es/sde/f/organizacoes/2014/04/14/fluminense_60x60.png,mei
81495,André Trindade,1006,Fluminense,107498.0,André Trindade da Costa Neto,André,https://s.glbimg.com/es/sde/f/2021/08/19/45ced472c62a51b673eafd922270bbc5_140x140.png,Fluminense,https://s.glbimg.com/es/sde/f/organizacoes/2014/04/14/fluminense_60x60.png,mei
89815,Brayan Ceballos,1024,Fortaleza,115502.0,Brayan Andrés Ceballos Jiménez,Ceballos,https://s.glbimg.com/es/sde/f/2022/02/24/99f6262543bda86190aaf8cdf93a138e_140x140.png,Fortaleza,https://s.glbimg.com/es/sde/f/organizacoes/2021/09/19/65_0000_Fortaleza-2021.png,zag
27900,Robson Fernandes,1024,Fortaleza,84817.0,Robson dos Santos Fernandes,Robson,https://s.glbimg.com/es/sde/f/2022/02/25/6d625807fa7a6d37492ec7d37c654dc8_140x140.png,Fortaleza,https://s.glbimg.com/es/sde/f/organizacoes/2021/09/19/65_0000_Fortaleza-2021.png,ata
88084,Valentín Depietri,1024,Fortaleza,114138.0,Valentín Depietri,Depietri,https://s.glbimg.com/es/sde/f/2022/02/24/8b54d582e43cf79302c2577ad53d6e26_140x140.png,Fortaleza,https://s.glbimg.com/es/sde/f/organizacoes/2021/09/19/65_0000_Fortaleza-2021.png,ata
37374,Jádson,1019,Juventude,80129.0,Jadson Alves dos Santos,Jadson,https://s.glbimg.com/es/sde/f/2022/03/03/f6f0935d45f36314cddff53717eee8de_140x140.png,Juventude,https://s.glbimg.com/es/sde/f/organizacoes/2021/04/29/juventude65.png,mei
53010,Óscar Ruiz,1019,Juventude,71691.0,Óscar Ramón Ruiz Roa,Óscar Ruíz,https://s.glbimg.com/es/sde/f/2022/03/29/898734e22fa875d79527394af4789eeb_140x140.png,Juventude,https://s.glbimg.com/es/sde/f/organizacoes/2021/04/29/juventude65.png,ata
84439,Isidro Pitta,1019,Juventude,108133.0,Isidro Miguel Pitta Saldívar ,Pitta,https://s.glbimg.com/es/sde/f/2022/04/06/d5b98eae02b3de3352cd02c6cc1b5c36_140x140.png,Juventude,https://s.glbimg.com/es/sde/f/organizacoes/2021/04/29/juventude65.png,ata
52441,Darlan ,1019,Juventude,104593.0,Darlan Pereira Mendes,Darlan,https://s.glbimg.com/es/sde/f/2022/03/03/adc98792c2a04fd60c00d1c13a950544_140x140.png,Juventude,https://s.glbimg.com/es/sde/f/organizacoes/2021/04/29/juventude65.png,mei
69745,Eduard Atuesta,1012,Palmeiras,96754.0,Eduard Andrés Atuesta Velasco,Atuesta ,https://s.glbimg.com/es/sde/f/2022/02/21/840f0d507e448cff241ff4ed4c7f9b31_140x140.png,Palmeiras,https://s.glbimg.com/es/sde/f/organizacoes/2014/04/14/palmeiras_60x60.png,mei
48981,Jonathan Calleri,1007,São Paulo,89840.0,Jonathan Calleri,Calleri,https://s.glbimg.com/es/sde/f/2022/03/01/3abaa943f1546750dd057d6cb3559ce5_140x140.png,São Paulo,https://s.glbimg.com/es/sde/f/organizacoes/2014/04/14/sao_paulo_60x60.png,ata
80073,Wellington,1007,São Paulo,106824.0,Welington Damascena Santos,Welington ,https://s.glbimg.com/es/sde/f/2022/03/01/81ffdaa86a436b3f695649fc411cf06b_140x140.png,São Paulo,https://s.glbimg.com/es/sde/f/organizacoes/2014/04/14/sao_paulo_60x60.png,lat
57635,Éder,1007,São Paulo,91521.0,Eder Citadin Martins,Eder,https://s.glbimg.com/es/sde/f/2022/03/01/c24a898d664db265bfa4ba037836c0ab_140x140.png,São Paulo,https://s.glbimg.com/es/sde/f/organizacoes/2014/04/14/sao_paulo_60x60.png,ata
39309,Luciano  ,1007,São Paulo,80287.0,Luciano da Rocha Neves,Luciano,https://s.glbimg.com/es/sde/f/2022/03/01/aeb1926a6ddb270206f4ceffcf701d4b_140x140.png,São Paulo,https://s.glbimg.com/es/sde/f/organizacoes/2014/04/14/sao_paulo_60x60.png,ata
90806,Andrés Colorado ,1007,São Paulo,110517.0,Andrés Felipe Colorado Sánchez,Andrés,https://s.glbimg.com/es/sde/f/2022/04/06/8155059fe14b7ffca7314dd757501fb1_140x140.png,São Paulo,https://s.glbimg.com/es/sde/f/organizacoes/2014/04/14/sao_paulo_60x60.png,mei
48382,Emiliano Rigoni,1007,São Paulo,96684.0,Emiliano Ariel Rigoni,Rigoni,https://s.glbimg.com/es/sde/f/2022/03/01/f8d5029ee4e43d0050ec116c23af5c56_140x140.png,São Paulo,https://s.glbimg.com/es/sde/f/organizacoes/2014/04/14/sao_paulo_60x60.png,ata
80076,Talles Costa,1007,São Paulo,106830.0,Talles Macedo Toledo Costa,Talles,https://s.glbimg.com/es/sde/f/2022/03/01/46c4e9fd9a32a9e894bd6edc746e403d_140x140.png,São Paulo,https://s.glbimg.com/es/sde/f/organizacoes/2014/04/14/sao_paulo_60x60.png,mei
